model_instance_id	gene_symbol	mapping_rule_id	resolved
PF4C-B1-001	PDPN	FROZEN_ENTREZ_ONE_TO_ONE	TRUE
PF4C-B1-001	SLC27A3	FROZEN_ENTREZ_ONE_TO_ONE	TRUE
PF4C-B1-001	CYB561D2	FROZEN_ENTREZ_ONE_TO_ONE	TRUE
PF4C-B1-001	CHI3L1	FROZEN_ENTREZ_ONE_TO_ONE	TRUE
PF4C-B1-001	DRG2	FROZEN_ENTREZ_ONE_TO_ONE	TRUE
PF4C-B1-001	GRB10	FROZEN_ENTREZ_ONE_TO_ONE	TRUE
PF4C-B1-001	HSBP1	FROZEN_ENTREZ_ONE_TO_ONE	TRUE
PF4C-B1-001	ICAM1	FROZEN_ENTREZ_ONE_TO_ONE	TRUE
PF4C-B1-001	ISG20	FROZEN_ENTREZ_ONE_TO_ONE	TRUE
PF4C-B1-001	LGALS8	FROZEN_ENTREZ_ONE_TO_ONE	TRUE
PF4C-B1-001	LOXL1	FROZEN_ENTREZ_ONE_TO_ONE	TRUE
PF4C-B1-001	MDK	FROZEN_ENTREZ_ONE_TO_ONE	TRUE
PF4C-B1-001	MEOX2	FROZEN_ENTREZ_ONE_TO_ONE	TRUE
PF4C-B1-001	MSN	FROZEN_ENTREZ_ONE_TO_ONE	TRUE
PF4C-B1-001	MT1E	FROZEN_ENTREZ_ONE_TO_ONE	TRUE
PF4C-B1-001	MX1	FROZEN_ENTREZ_ONE_TO_ONE	TRUE
PF4C-B1-001	MYD88	FROZEN_ENTREZ_ONE_TO_ONE	TRUE
PF4C-B1-001	ATP2A1	FROZEN_ENTREZ_ONE_TO_ONE	TRUE
PF4C-B1-001	PDGFA	FROZEN_ENTREZ_ONE_TO_ONE	TRUE
PF4C-B1-001	BCL2A1	FROZEN_ENTREZ_ONE_TO_ONE	TRUE
PF4C-B1-001	BDH1	FROZEN_ENTREZ_ONE_TO_ONE	TRUE
PF4C-B1-001	S100A8	FROZEN_ENTREZ_ONE_TO_ONE	TRUE
PF4C-B1-001	SDC2	FROZEN_ENTREZ_ONE_TO_ONE	TRUE
PF4C-B1-001	TCTA	FROZEN_ENTREZ_ONE_TO_ONE	TRUE
PF4C-B1-001	DYNLT3	FROZEN_ENTREZ_ONE_TO_ONE	TRUE
PF4C-B1-001	TNFRSF1A	FROZEN_ENTREZ_ONE_TO_ONE	TRUE
PF4C-B1-001	C1S	FROZEN_ENTREZ_ONE_TO_ONE	TRUE
PF4C-B1-001	TSHR	FROZEN_ENTREZ_ONE_TO_ONE	TRUE
PF4C-B1-001	FZD7	FROZEN_ENTREZ_ONE_TO_ONE	TRUE
PF4C-B1-001	CD163	FROZEN_ENTREZ_ONE_TO_ONE	TRUE
PF4C-B1-001	IQSEC1	FROZEN_ENTREZ_ONE_TO_ONE	TRUE
PF4C-B1-002	CCL2	BULK_FORMAL_SCORING_TOKEN_IDENTITY	TRUE
PF4C-B1-002	IGFBP2	BULK_FORMAL_SCORING_TOKEN_IDENTITY	TRUE
PF4C-B1-002	PDPN	BULK_FORMAL_SCORING_TOKEN_IDENTITY	TRUE
PF4C-B1-002	SLC12A5	BULK_FORMAL_SCORING_TOKEN_IDENTITY	TRUE
PF4C-B1-003	ANAPC15	BULK_FORMAL_SCORING_TOKEN_IDENTITY	TRUE
PF4C-B1-003	ATP6V0C	BULK_FORMAL_SCORING_TOKEN_IDENTITY	TRUE
PF4C-B1-003	BDH1	BULK_FORMAL_SCORING_TOKEN_IDENTITY	TRUE
PF4C-B1-003	CBS	BULK_FORMAL_SCORING_TOKEN_IDENTITY	TRUE
PF4C-B1-003	CCND2	BULK_FORMAL_SCORING_TOKEN_IDENTITY	TRUE
PF4C-B1-003	CSRP1	BULK_FORMAL_SCORING_TOKEN_IDENTITY	TRUE
PF4C-B1-003	FOLR2	BULK_FORMAL_SCORING_TOKEN_IDENTITY	TRUE
PF4C-B1-003	IRF9	BULK_FORMAL_SCORING_TOKEN_IDENTITY	TRUE
PF4C-B1-003	MGST1	BULK_FORMAL_SCORING_TOKEN_IDENTITY	TRUE
PF4C-B1-003	PCP4	BULK_FORMAL_SCORING_TOKEN_IDENTITY	TRUE
PF4C-B1-003	RAP1B	BULK_FORMAL_SCORING_TOKEN_IDENTITY	TRUE
PF4C-B1-003	RAPGEF3	BULK_FORMAL_SCORING_TOKEN_IDENTITY	TRUE
PF4C-B1-003	RPL39	BULK_FORMAL_SCORING_TOKEN_IDENTITY	TRUE
PF4C-B1-003	SH3BP5	BULK_FORMAL_SCORING_TOKEN_IDENTITY	TRUE
PF4C-B1-003	SKP1	BULK_FORMAL_SCORING_TOKEN_IDENTITY	TRUE
PF4C-B1-003	ST8SIA3	BULK_FORMAL_SCORING_TOKEN_IDENTITY	TRUE
PF4C-B1-003	U2AF1	BULK_FORMAL_SCORING_TOKEN_IDENTITY	TRUE
PF4C-B1-004	CCL20	BULK_FORMAL_SCORING_TOKEN_IDENTITY	TRUE
PF4C-B1-004	CDK6	BULK_FORMAL_SCORING_TOKEN_IDENTITY	TRUE
PF4C-B1-004	MCM7	BULK_FORMAL_SCORING_TOKEN_IDENTITY	TRUE
PF4C-B1-004	ORC1	BULK_FORMAL_SCORING_TOKEN_IDENTITY	TRUE
PF4C-B1-004	POLA1	BULK_FORMAL_SCORING_TOKEN_IDENTITY	TRUE
PF4C-B1-004	TIAM1	BULK_FORMAL_SCORING_TOKEN_IDENTITY	TRUE
PF4C-B1-004	TNFRSF12A	BULK_FORMAL_SCORING_TOKEN_IDENTITY	TRUE
PF4C-B1-004	TRAF1	BULK_FORMAL_SCORING_TOKEN_IDENTITY	TRUE
PF4C-B1-005	CDK1	BULK_FORMAL_SCORING_TOKEN_IDENTITY	TRUE
PF4C-B1-005	FDX1	BULK_FORMAL_SCORING_TOKEN_IDENTITY	TRUE
PF4C-B1-005	LOXL2	BULK_FORMAL_SCORING_TOKEN_IDENTITY	TRUE
PF4C-B1-005	LOXL3	BULK_FORMAL_SCORING_TOKEN_IDENTITY	TRUE
PF4C-B1-005	NFE2L2	BULK_FORMAL_SCORING_TOKEN_IDENTITY	TRUE
PF4C-B1-005	SLC31A1	BULK_FORMAL_SCORING_TOKEN_IDENTITY	TRUE
PF4C-B1-005	SUMF1	BULK_FORMAL_SCORING_TOKEN_IDENTITY	TRUE
PF4C-B1-006	ACTN1	BULK_FORMAL_SCORING_TOKEN_IDENTITY	TRUE
PF4C-B1-006	CHI3L1	BULK_FORMAL_SCORING_TOKEN_IDENTITY	TRUE
PF4C-B1-006	CLU	BULK_FORMAL_SCORING_TOKEN_IDENTITY	TRUE
PF4C-B1-006	EFEMP1	BULK_FORMAL_SCORING_TOKEN_IDENTITY	TRUE
PF4C-B1-006	EMP1	BULK_FORMAL_SCORING_TOKEN_IDENTITY	TRUE
PF4C-B1-006	IGFBP7	BULK_FORMAL_SCORING_TOKEN_IDENTITY	TRUE
PF4C-B1-006	MAP1B	BULK_FORMAL_SCORING_TOKEN_IDENTITY	TRUE
PF4C-B1-006	MT2A	BULK_FORMAL_SCORING_TOKEN_IDENTITY	TRUE
PF4C-B1-006	NNMT	BULK_FORMAL_SCORING_TOKEN_IDENTITY	TRUE
PF4C-B1-006	PAM	BULK_FORMAL_SCORING_TOKEN_IDENTITY	TRUE
PF4C-B1-006	TPST1	BULK_FORMAL_SCORING_TOKEN_IDENTITY	TRUE
PF4C-B1-007	CCL2	BULK_FORMAL_SCORING_TOKEN_IDENTITY	TRUE
PF4C-B1-007	CCR2	BULK_FORMAL_SCORING_TOKEN_IDENTITY	TRUE
PF4C-B1-007	CXCL10	BULK_FORMAL_SCORING_TOKEN_IDENTITY	TRUE
PF4C-B1-007	IL10RB	BULK_FORMAL_SCORING_TOKEN_IDENTITY	TRUE
PF4C-B1-007	IL17B	BULK_FORMAL_SCORING_TOKEN_IDENTITY	TRUE
PF4C-B1-007	IL17RA	BULK_FORMAL_SCORING_TOKEN_IDENTITY	TRUE
PF4C-B1-008	CALCRL	BULK_FORMAL_SCORING_TOKEN_IDENTITY	TRUE
PF4C-B1-008	EMP3	BULK_FORMAL_SCORING_TOKEN_IDENTITY	TRUE
PF4C-B1-008	GNAI3	BULK_FORMAL_SCORING_TOKEN_IDENTITY	TRUE
PF4C-B1-008	ITGA5	BULK_FORMAL_SCORING_TOKEN_IDENTITY	TRUE
PF4C-B1-008	NFKBIA	BULK_FORMAL_SCORING_TOKEN_IDENTITY	TRUE
PF4C-B1-008	NMI	BULK_FORMAL_SCORING_TOKEN_IDENTITY	TRUE
PF4C-B1-008	PCDH7	BULK_FORMAL_SCORING_TOKEN_IDENTITY	TRUE
PF4C-B1-008	TIMP1	BULK_FORMAL_SCORING_TOKEN_IDENTITY	TRUE
PF4C-B1-009	DIRAS3	BULK_FORMAL_SCORING_TOKEN_IDENTITY	TRUE
PF4C-B1-009	FBXO39	BULK_FORMAL_SCORING_TOKEN_IDENTITY	TRUE
PF4C-B1-009	HILS1	BULK_FORMAL_SCORING_TOKEN_IDENTITY	TRUE
PF4C-B1-009	MYBL1	BULK_FORMAL_SCORING_TOKEN_IDENTITY	TRUE
PF4C-B1-009	TEX26	BULK_FORMAL_SCORING_TOKEN_IDENTITY	TRUE
PF4C-B1-011	ATG9B	BULK_FORMAL_SCORING_TOKEN_IDENTITY	TRUE
PF4C-B1-011	HSPA5	BULK_FORMAL_SCORING_TOKEN_IDENTITY	TRUE
PF4C-B1-011	ITGA3	BULK_FORMAL_SCORING_TOKEN_IDENTITY	TRUE
PF4C-B1-011	RAC1	BULK_FORMAL_SCORING_TOKEN_IDENTITY	TRUE
PF4C-B1-012	HTR1A	BULK_FORMAL_SCORING_TOKEN_IDENTITY	TRUE
PF4C-B1-012	PAX3	BULK_FORMAL_SCORING_TOKEN_IDENTITY	TRUE
PF4C-B1-012	RETN	BULK_FORMAL_SCORING_TOKEN_IDENTITY	TRUE
PF4C-B1-012	VEPH1	BULK_FORMAL_SCORING_TOKEN_IDENTITY	TRUE
PF4C-B1-013	COL1A2	BULK_FORMAL_SCORING_TOKEN_IDENTITY	TRUE
PF4C-B1-013	COL4A1	BULK_FORMAL_SCORING_TOKEN_IDENTITY	TRUE
PF4C-B1-013	ITGB4	BULK_FORMAL_SCORING_TOKEN_IDENTITY	TRUE
PF4C-B1-013	MAPK10	BULK_FORMAL_SCORING_TOKEN_IDENTITY	TRUE
PF4C-B1-013	PRKCB	BULK_FORMAL_SCORING_TOKEN_IDENTITY	TRUE
PF4C-B1-013	PRKCG	BULK_FORMAL_SCORING_TOKEN_IDENTITY	TRUE
PF4C-B1-013	RELN	BULK_FORMAL_SCORING_TOKEN_IDENTITY	TRUE
PF4C-B1-013	TNC	BULK_FORMAL_SCORING_TOKEN_IDENTITY	TRUE
PF4C-B1-014	CRYAB	BULK_FORMAL_SCORING_TOKEN_IDENTITY	TRUE
PF4C-B1-014	MT1G	BULK_FORMAL_SCORING_TOKEN_IDENTITY	TRUE
PF4C-B1-014	STEAP3	BULK_FORMAL_SCORING_TOKEN_IDENTITY	TRUE
PF4C-B1-015	BCL2L2	BULK_FORMAL_SCORING_TOKEN_IDENTITY	TRUE
PF4C-B1-015	PRDX1	BULK_FORMAL_SCORING_TOKEN_IDENTITY	TRUE
PF4C-B1-015	SEC61B	BULK_FORMAL_SCORING_TOKEN_IDENTITY	TRUE
PF4C-B1-015	XRCC5	BULK_FORMAL_SCORING_TOKEN_IDENTITY	TRUE
PF4C-B1-016	AOAH	BULK_FORMAL_SCORING_TOKEN_IDENTITY	TRUE
PF4C-B1-016	CASP1	BULK_FORMAL_SCORING_TOKEN_IDENTITY	TRUE
PF4C-B1-016	GBP1	BULK_FORMAL_SCORING_TOKEN_IDENTITY	TRUE
PF4C-B1-016	GBP2	BULK_FORMAL_SCORING_TOKEN_IDENTITY	TRUE
PF4C-B1-016	GBP3	BULK_FORMAL_SCORING_TOKEN_IDENTITY	TRUE
PF4C-B1-016	HMOX1	BULK_FORMAL_SCORING_TOKEN_IDENTITY	TRUE
PF4C-B1-016	IL18	BULK_FORMAL_SCORING_TOKEN_IDENTITY	TRUE
PF4C-B1-016	IRAK4	BULK_FORMAL_SCORING_TOKEN_IDENTITY	TRUE
PF4C-B1-016	RELB	BULK_FORMAL_SCORING_TOKEN_IDENTITY	TRUE
PF4C-B1-016	TIGAR	BULK_FORMAL_SCORING_TOKEN_IDENTITY	TRUE
PF4C-B1-016	TP53	BULK_FORMAL_SCORING_TOKEN_IDENTITY	TRUE
PF4C-B1-017	CASP3	BULK_FORMAL_SCORING_TOKEN_IDENTITY	TRUE
PF4C-B1-017	DPP9	BULK_FORMAL_SCORING_TOKEN_IDENTITY	TRUE
PF4C-B1-017	MAPK8	BULK_FORMAL_SCORING_TOKEN_IDENTITY	TRUE
PF4C-B1-017	PELP1	BULK_FORMAL_SCORING_TOKEN_IDENTITY	TRUE
PF4C-B1-017	TOMM20	BULK_FORMAL_SCORING_TOKEN_IDENTITY	TRUE
PF4C-B1-019	AOX1	BULK_FORMAL_SCORING_TOKEN_IDENTITY	TRUE
PF4C-B1-019	CANT1	BULK_FORMAL_SCORING_TOKEN_IDENTITY	TRUE
PF4C-B1-019	IMPDH1	BULK_FORMAL_SCORING_TOKEN_IDENTITY	TRUE
PF4C-B1-019	NUDT5	BULK_FORMAL_SCORING_TOKEN_IDENTITY	TRUE
PF4C-B1-019	PDE2A	BULK_FORMAL_SCORING_TOKEN_IDENTITY	TRUE
PF4C-B1-019	POLR1D	BULK_FORMAL_SCORING_TOKEN_IDENTITY	TRUE
PF4C-B1-019	POLR3A	BULK_FORMAL_SCORING_TOKEN_IDENTITY	TRUE
PF4C-B1-019	POLR3GL	BULK_FORMAL_SCORING_TOKEN_IDENTITY	TRUE
PF4C-B1-019	POLR3H	BULK_FORMAL_SCORING_TOKEN_IDENTITY	TRUE
PF4C-B1-019	PPAT	BULK_FORMAL_SCORING_TOKEN_IDENTITY	TRUE
PF4C-B1-019	RRM2	BULK_FORMAL_SCORING_TOKEN_IDENTITY	TRUE
PF4C-B1-020	ALDH2	BULK_FORMAL_SCORING_TOKEN_IDENTITY	TRUE
PF4C-B1-020	GNMT	BULK_FORMAL_SCORING_TOKEN_IDENTITY	TRUE
PF4C-B1-020	PSPH	BULK_FORMAL_SCORING_TOKEN_IDENTITY	TRUE
PF4C-B1-020	SARDH	BULK_FORMAL_SCORING_TOKEN_IDENTITY	TRUE
PF4C-B1-020	SHMT1	BULK_FORMAL_SCORING_TOKEN_IDENTITY	TRUE
PF4C-B1-021	BTK	BULK_FORMAL_SCORING_TOKEN_IDENTITY	TRUE
PF4C-B1-021	CFH	BULK_FORMAL_SCORING_TOKEN_IDENTITY	TRUE
PF4C-B1-021	CFI	BULK_FORMAL_SCORING_TOKEN_IDENTITY	TRUE
PF4C-B1-021	F3	BULK_FORMAL_SCORING_TOKEN_IDENTITY	TRUE
PF4C-B1-021	GNAI3	BULK_FORMAL_SCORING_TOKEN_IDENTITY	TRUE
PF4C-B1-021	ITGB1	BULK_FORMAL_SCORING_TOKEN_IDENTITY	TRUE
PF4C-B1-021	LYN	BULK_FORMAL_SCORING_TOKEN_IDENTITY	TRUE
PF4C-B1-024	ATG7	BULK_FORMAL_SCORING_TOKEN_IDENTITY	TRUE
PF4C-B1-024	CISD2	BULK_FORMAL_SCORING_TOKEN_IDENTITY	TRUE
PF4C-B1-024	EIF2AK4	BULK_FORMAL_SCORING_TOKEN_IDENTITY	TRUE
PF4C-B1-024	HMOX1	BULK_FORMAL_SCORING_TOKEN_IDENTITY	TRUE
PF4C-B1-024	HSPB1	BULK_FORMAL_SCORING_TOKEN_IDENTITY	TRUE
PF4C-B1-024	MTDH	BULK_FORMAL_SCORING_TOKEN_IDENTITY	TRUE
PF4C-B1-024	MTOR	BULK_FORMAL_SCORING_TOKEN_IDENTITY	TRUE
PF4C-B1-024	PRKAA2	BULK_FORMAL_SCORING_TOKEN_IDENTITY	TRUE
PF4C-B1-024	SIRT1	BULK_FORMAL_SCORING_TOKEN_IDENTITY	TRUE
PF4C-B1-025	FOXP3	BULK_FORMAL_SCORING_TOKEN_IDENTITY	TRUE
PF4C-B1-025	IL6	BULK_FORMAL_SCORING_TOKEN_IDENTITY	TRUE
PF4C-B1-025	LY96	BULK_FORMAL_SCORING_TOKEN_IDENTITY	TRUE
PF4C-B1-025	MYD88	BULK_FORMAL_SCORING_TOKEN_IDENTITY	TRUE
PF4C-B1-025	PDIA3	BULK_FORMAL_SCORING_TOKEN_IDENTITY	TRUE
PF4C-B1-026	CHPF2	BULK_FORMAL_SCORING_TOKEN_IDENTITY	TRUE
PF4C-B1-026	COLGALT2	BULK_FORMAL_SCORING_TOKEN_IDENTITY	TRUE
PF4C-B1-026	EXT2	BULK_FORMAL_SCORING_TOKEN_IDENTITY	TRUE
PF4C-B1-026	GALNT13	BULK_FORMAL_SCORING_TOKEN_IDENTITY	TRUE
PF4C-B1-026	PYGL	BULK_FORMAL_SCORING_TOKEN_IDENTITY	TRUE
PF4C-B1-027	FAM241B	BULK_FORMAL_SCORING_TOKEN_IDENTITY	TRUE
PF4C-B1-027	IGFBP2	BULK_FORMAL_SCORING_TOKEN_IDENTITY	TRUE
PF4C-B1-027	LOXL1	BULK_FORMAL_SCORING_TOKEN_IDENTITY	TRUE
PF4C-B1-027	LSM2	BULK_FORMAL_SCORING_TOKEN_IDENTITY	TRUE
PF4C-B1-027	OSMR	BULK_FORMAL_SCORING_TOKEN_IDENTITY	TRUE
PF4C-B1-027	STOX1	BULK_FORMAL_SCORING_TOKEN_IDENTITY	TRUE
PF4C-B1-028	LITAF	BULK_FORMAL_SCORING_TOKEN_IDENTITY	TRUE
PF4C-B1-028	OSMR	BULK_FORMAL_SCORING_TOKEN_IDENTITY	TRUE
PF4C-B1-028	TCF12	BULK_FORMAL_SCORING_TOKEN_IDENTITY	TRUE
PF4C-B1-029	ANKH	BULK_FORMAL_SCORING_TOKEN_IDENTITY	TRUE
PF4C-B1-029	CCT6A	BULK_FORMAL_SCORING_TOKEN_IDENTITY	TRUE
PF4C-B1-029	GOS2	BULK_FORMAL_SCORING_TOKEN_IDENTITY	TRUE
PF4C-B1-029	NAGLU	BULK_FORMAL_SCORING_TOKEN_IDENTITY	TRUE
PF4C-B1-029	NCOA4	BULK_FORMAL_SCORING_TOKEN_IDENTITY	TRUE
PF4C-B1-029	NSUN5	BULK_FORMAL_SCORING_TOKEN_IDENTITY	TRUE
PF4C-B1-029	TSPAN4	BULK_FORMAL_SCORING_TOKEN_IDENTITY	TRUE
PF4C-B1-029	WDR46	BULK_FORMAL_SCORING_TOKEN_IDENTITY	TRUE
PF4C-B2-001	CYGB	BULK_FORMAL_SCORING_TOKEN_IDENTITY	TRUE
PF4C-B2-001	DUSP6	BULK_FORMAL_SCORING_TOKEN_IDENTITY	TRUE
PF4C-B2-001	IGFBP4	BULK_FORMAL_SCORING_TOKEN_IDENTITY	TRUE
PF4C-B2-001	LOXL1	BULK_FORMAL_SCORING_TOKEN_IDENTITY	TRUE
PF4C-B2-001	VWA1	BULK_FORMAL_SCORING_TOKEN_IDENTITY	TRUE
PF4C-B2-001	ZIC3	BULK_FORMAL_SCORING_TOKEN_IDENTITY	TRUE
PF4C-B2-002	FCGR2B	BULK_FORMAL_SCORING_TOKEN_IDENTITY	TRUE
PF4C-B2-002	MXRA5	BULK_FORMAL_SCORING_TOKEN_IDENTITY	TRUE
PF4C-B2-002	TNFRSF9	BULK_FORMAL_SCORING_TOKEN_IDENTITY	TRUE
PF4C-B2-002	TNFSF14	BULK_FORMAL_SCORING_TOKEN_IDENTITY	TRUE
PF4C-B2-003	MEOX2	BULK_FORMAL_SCORING_TOKEN_IDENTITY	TRUE
PF4C-B2-003	PHYHIP	BULK_FORMAL_SCORING_TOKEN_IDENTITY	TRUE
PF4C-B2-003	RBBP8	BULK_FORMAL_SCORING_TOKEN_IDENTITY	TRUE
PF4C-B2-003	ST18	BULK_FORMAL_SCORING_TOKEN_IDENTITY	TRUE
PF4C-B2-003	TCF12	BULK_FORMAL_SCORING_TOKEN_IDENTITY	TRUE
PF4C-B2-003	THRB	BULK_FORMAL_SCORING_TOKEN_IDENTITY	TRUE
PF4C-B2-005	BEX5	BULK_FORMAL_SCORING_TOKEN_IDENTITY	TRUE
PF4C-B2-005	CNPY4	BULK_FORMAL_SCORING_TOKEN_IDENTITY	TRUE
PF4C-B2-005	LRRTM3	BULK_FORMAL_SCORING_TOKEN_IDENTITY	TRUE
PF4C-B2-005	MXRA8	BULK_FORMAL_SCORING_TOKEN_IDENTITY	TRUE
PF4C-B2-005	SCG5	BULK_FORMAL_SCORING_TOKEN_IDENTITY	TRUE
PF4C-B2-005	TIMP4	BULK_FORMAL_SCORING_TOKEN_IDENTITY	TRUE
PF4C-B2-005	VGF	BULK_FORMAL_SCORING_TOKEN_IDENTITY	TRUE
PF4C-B2-005	ZNF22	BULK_FORMAL_SCORING_TOKEN_IDENTITY	TRUE
PF4C-B2-005	ZNF627	BULK_FORMAL_SCORING_TOKEN_IDENTITY	TRUE
PF4C-B2-006	FMOD	BULK_FORMAL_SCORING_TOKEN_IDENTITY	TRUE
PF4C-B2-006	MXRA5	BULK_FORMAL_SCORING_TOKEN_IDENTITY	TRUE
PF4C-B2-006	RAB36	BULK_FORMAL_SCORING_TOKEN_IDENTITY	TRUE
PF4C-B2-007	CYGB	BULK_FORMAL_SCORING_TOKEN_IDENTITY	TRUE
PF4C-B2-007	IGFBP6	BULK_FORMAL_SCORING_TOKEN_IDENTITY	TRUE
PF4C-B2-007	NNAT	BULK_FORMAL_SCORING_TOKEN_IDENTITY	TRUE
PF4C-B2-008	C5AR1	BULK_FORMAL_SCORING_TOKEN_IDENTITY	TRUE
PF4C-B2-008	F2RL2	BULK_FORMAL_SCORING_TOKEN_IDENTITY	TRUE
PF4C-B2-008	GP6	BULK_FORMAL_SCORING_TOKEN_IDENTITY	TRUE
PF4C-B2-008	PLAUR	BULK_FORMAL_SCORING_TOKEN_IDENTITY	TRUE
PF4C-B2-008	SERPINA5	BULK_FORMAL_SCORING_TOKEN_IDENTITY	TRUE
PF4C-B2-009	CBLN1	BULK_FORMAL_SCORING_TOKEN_IDENTITY	TRUE
PF4C-B2-009	DUSP6	BULK_FORMAL_SCORING_TOKEN_IDENTITY	TRUE
PF4C-B2-009	PDIA4	BULK_FORMAL_SCORING_TOKEN_IDENTITY	TRUE
PF4C-B2-009	PILRB	BULK_FORMAL_SCORING_TOKEN_IDENTITY	TRUE
PF4C-B2-009	PTPRN	BULK_FORMAL_SCORING_TOKEN_IDENTITY	TRUE
PF4C-B2-010	AP1S1	BULK_FORMAL_SCORING_TOKEN_IDENTITY	TRUE
PF4C-B2-010	CTSD	BULK_FORMAL_SCORING_TOKEN_IDENTITY	TRUE
PF4C-B2-010	IER3	BULK_FORMAL_SCORING_TOKEN_IDENTITY	TRUE
PF4C-B2-010	YWHAG	BULK_FORMAL_SCORING_TOKEN_IDENTITY	TRUE
PF4C-B2-013	MAP1LC3A	BULK_FORMAL_SCORING_TOKEN_IDENTITY	TRUE
PF4C-B2-013	PHB2	BULK_FORMAL_SCORING_TOKEN_IDENTITY	TRUE
PF4C-B2-013	TOMM20	BULK_FORMAL_SCORING_TOKEN_IDENTITY	TRUE
PF4C-B2-013	UBA52	BULK_FORMAL_SCORING_TOKEN_IDENTITY	TRUE
PF4C-B2-014	KDELR2	BULK_FORMAL_SCORING_TOKEN_IDENTITY	TRUE
PF4C-B2-014	RPS4X	BULK_FORMAL_SCORING_TOKEN_IDENTITY	TRUE
PF4C-B2-014	SLC40A1	BULK_FORMAL_SCORING_TOKEN_IDENTITY	TRUE
PF4C-B2-014	TUBA1C	BULK_FORMAL_SCORING_TOKEN_IDENTITY	TRUE
PF4C-B2-015	BCAT1	BULK_FORMAL_SCORING_TOKEN_IDENTITY	TRUE
PF4C-B2-015	C16ORF86	BULK_FORMAL_SCORING_TOKEN_IDENTITY	TRUE
PF4C-B2-015	HPX	BULK_FORMAL_SCORING_TOKEN_IDENTITY	TRUE
PF4C-B2-015	NNMT	BULK_FORMAL_SCORING_TOKEN_IDENTITY	TRUE
PF4C-B2-015	RAB42	BULK_FORMAL_SCORING_TOKEN_IDENTITY	TRUE
PF4C-B2-015	TBX5	BULK_FORMAL_SCORING_TOKEN_IDENTITY	TRUE
PF4C-B2-015	TNFRSF19	BULK_FORMAL_SCORING_TOKEN_IDENTITY	TRUE
PF4C-B2-015	TRPC5	BULK_FORMAL_SCORING_TOKEN_IDENTITY	TRUE
PF4C-B2-016	IL1R1	BULK_FORMAL_SCORING_TOKEN_IDENTITY	TRUE
PF4C-B2-016	TNFSF12	BULK_FORMAL_SCORING_TOKEN_IDENTITY	TRUE
PF4C-B2-016	VDR	BULK_FORMAL_SCORING_TOKEN_IDENTITY	TRUE
PF4C-B2-017	B4GALT7	BULK_FORMAL_SCORING_TOKEN_IDENTITY	TRUE
PF4C-B2-017	CHST12	BULK_FORMAL_SCORING_TOKEN_IDENTITY	TRUE
PF4C-B2-017	G6PC2	BULK_FORMAL_SCORING_TOKEN_IDENTITY	TRUE
PF4C-B2-017	GALE	BULK_FORMAL_SCORING_TOKEN_IDENTITY	TRUE
PF4C-B2-017	IL13RA1	BULK_FORMAL_SCORING_TOKEN_IDENTITY	TRUE
PF4C-B2-017	LDHB	BULK_FORMAL_SCORING_TOKEN_IDENTITY	TRUE
PF4C-B2-017	SPAG4	BULK_FORMAL_SCORING_TOKEN_IDENTITY	TRUE
PF4C-B2-017	STC1	BULK_FORMAL_SCORING_TOKEN_IDENTITY	TRUE
PF4C-B2-017	TGFBI	BULK_FORMAL_SCORING_TOKEN_IDENTITY	TRUE
PF4C-B2-017	TPBG	BULK_FORMAL_SCORING_TOKEN_IDENTITY	TRUE
PF4C-B2-018	IGFBP2	BULK_FORMAL_SCORING_TOKEN_IDENTITY	TRUE
PF4C-B2-018	PTPRN	BULK_FORMAL_SCORING_TOKEN_IDENTITY	TRUE
PF4C-B2-018	SLC39A10	BULK_FORMAL_SCORING_TOKEN_IDENTITY	TRUE
PF4C-B2-018	STEAP2	BULK_FORMAL_SCORING_TOKEN_IDENTITY	TRUE
PF4C-B2-019	IRF7	BULK_FORMAL_SCORING_TOKEN_IDENTITY	TRUE
PF4C-B2-019	MXRA8	BULK_FORMAL_SCORING_TOKEN_IDENTITY	TRUE
PF4C-B2-019	RMI2	BULK_FORMAL_SCORING_TOKEN_IDENTITY	TRUE
PF4C-B2-019	S100A4	BULK_FORMAL_SCORING_TOKEN_IDENTITY	TRUE
PF4C-B2-019	TIMP1	BULK_FORMAL_SCORING_TOKEN_IDENTITY	TRUE
PF4C-B2-019	TREM1	BULK_FORMAL_SCORING_TOKEN_IDENTITY	TRUE
PF4C-B2-021	CFH	BULK_FORMAL_SCORING_TOKEN_IDENTITY	TRUE
PF4C-B2-021	SLC16A3	BULK_FORMAL_SCORING_TOKEN_IDENTITY	TRUE
PF4C-B2-021	SPP1	BULK_FORMAL_SCORING_TOKEN_IDENTITY	TRUE
PF4C-B2-021	TCIRG1	BULK_FORMAL_SCORING_TOKEN_IDENTITY	TRUE
PF4C-B2-021	TTC26	BULK_FORMAL_SCORING_TOKEN_IDENTITY	TRUE
PF4C-B2-022	CHI3L2	BULK_FORMAL_SCORING_TOKEN_IDENTITY	TRUE
PF4C-B2-022	FSTL3	BULK_FORMAL_SCORING_TOKEN_IDENTITY	TRUE
PF4C-B2-022	RPA3	BULK_FORMAL_SCORING_TOKEN_IDENTITY	TRUE
PF4C-B2-022	RRM2	BULK_FORMAL_SCORING_TOKEN_IDENTITY	TRUE
PF4C-B2-022	YTHDF2	BULK_FORMAL_SCORING_TOKEN_IDENTITY	TRUE
PF4C-B2-023	FPR3	BULK_FORMAL_SCORING_TOKEN_IDENTITY	TRUE
PF4C-B2-023	IKBIP	BULK_FORMAL_SCORING_TOKEN_IDENTITY	TRUE
PF4C-B2-023	S100A9	BULK_FORMAL_SCORING_TOKEN_IDENTITY	TRUE
PF4C-B2-025	BMPR1A	BULK_FORMAL_SCORING_TOKEN_IDENTITY	TRUE
PF4C-B2-025	KLF10	BULK_FORMAL_SCORING_TOKEN_IDENTITY	TRUE
PF4C-B2-025	RAB31	BULK_FORMAL_SCORING_TOKEN_IDENTITY	TRUE
PF4C-B2-025	SMAD4	BULK_FORMAL_SCORING_TOKEN_IDENTITY	TRUE
PF4C-B2-025	ZFYVE9	BULK_FORMAL_SCORING_TOKEN_IDENTITY	TRUE
PF4C-B2-026	C1RL	BULK_FORMAL_SCORING_TOKEN_IDENTITY	TRUE
PF4C-B2-026	CD244	BULK_FORMAL_SCORING_TOKEN_IDENTITY	TRUE
PF4C-B2-026	CD81	BULK_FORMAL_SCORING_TOKEN_IDENTITY	TRUE
PF4C-B2-026	CENPN	BULK_FORMAL_SCORING_TOKEN_IDENTITY	TRUE
PF4C-B2-026	CMIP	BULK_FORMAL_SCORING_TOKEN_IDENTITY	TRUE
PF4C-B2-026	DEK	BULK_FORMAL_SCORING_TOKEN_IDENTITY	TRUE
PF4C-B2-026	EIF4A3	BULK_FORMAL_SCORING_TOKEN_IDENTITY	TRUE
PF4C-B2-026	ITPKC	BULK_FORMAL_SCORING_TOKEN_IDENTITY	TRUE
PF4C-B2-026	OGFOD1	BULK_FORMAL_SCORING_TOKEN_IDENTITY	TRUE
PF4C-B2-027	LITAF	BULK_FORMAL_SCORING_TOKEN_IDENTITY	TRUE
PF4C-B2-027	MTHFD2	BULK_FORMAL_SCORING_TOKEN_IDENTITY	TRUE
PF4C-B2-027	NRXN3	BULK_FORMAL_SCORING_TOKEN_IDENTITY	TRUE
PF4C-B2-027	OSMR	BULK_FORMAL_SCORING_TOKEN_IDENTITY	TRUE
PF4C-B2-027	RUFY2	BULK_FORMAL_SCORING_TOKEN_IDENTITY	TRUE
PF4C-B2-028	CASP4	BULK_FORMAL_SCORING_TOKEN_IDENTITY	TRUE
PF4C-B2-028	CASP9	BULK_FORMAL_SCORING_TOKEN_IDENTITY	TRUE
PF4C-B2-028	NOD2	BULK_FORMAL_SCORING_TOKEN_IDENTITY	TRUE
PF4C-B2-029	ACADS	BULK_FORMAL_SCORING_TOKEN_IDENTITY	TRUE
PF4C-B2-029	ADRA2A	BULK_FORMAL_SCORING_TOKEN_IDENTITY	TRUE
PF4C-B2-029	ALAS1	BULK_FORMAL_SCORING_TOKEN_IDENTITY	TRUE
PF4C-B2-029	APOD	BULK_FORMAL_SCORING_TOKEN_IDENTITY	TRUE
PF4C-B2-029	ARSF	BULK_FORMAL_SCORING_TOKEN_IDENTITY	TRUE
PF4C-B2-029	ESRRB	BULK_FORMAL_SCORING_TOKEN_IDENTITY	TRUE
PF4C-B2-029	FOXO3	BULK_FORMAL_SCORING_TOKEN_IDENTITY	TRUE
PF4C-B2-029	HSPH1	BULK_FORMAL_SCORING_TOKEN_IDENTITY	TRUE
PF4C-B2-029	KLF15	BULK_FORMAL_SCORING_TOKEN_IDENTITY	TRUE
PF4C-B2-029	NR1H4	BULK_FORMAL_SCORING_TOKEN_IDENTITY	TRUE
PF4C-B2-029	PCSK1	BULK_FORMAL_SCORING_TOKEN_IDENTITY	TRUE
PF4C-B2-029	PIK3R1	BULK_FORMAL_SCORING_TOKEN_IDENTITY	TRUE
PF4C-B2-029	RNASEL	BULK_FORMAL_SCORING_TOKEN_IDENTITY	TRUE
PF4C-B2-029	RUFY1	BULK_FORMAL_SCORING_TOKEN_IDENTITY	TRUE
PF4C-B2-029	SFN	BULK_FORMAL_SCORING_TOKEN_IDENTITY	TRUE
PF4C-B2-029	SH3GLB1	BULK_FORMAL_SCORING_TOKEN_IDENTITY	TRUE
PF4C-B2-029	SPTSSA	BULK_FORMAL_SCORING_TOKEN_IDENTITY	TRUE
PF4C-B2-030	EFEMP2	BULK_FORMAL_SCORING_TOKEN_IDENTITY	TRUE
PF4C-B2-030	MYD88	BULK_FORMAL_SCORING_TOKEN_IDENTITY	TRUE
PF4C-B2-030	OSMR	BULK_FORMAL_SCORING_TOKEN_IDENTITY	TRUE
PF4C-B2-030	PTPRN	BULK_FORMAL_SCORING_TOKEN_IDENTITY	TRUE
PF4C-B3-001	CLSPN	BULK_FORMAL_SCORING_TOKEN_IDENTITY	TRUE
PF4C-B3-001	MGMT	BULK_FORMAL_SCORING_TOKEN_IDENTITY	TRUE
PF4C-B3-001	POLN	BULK_FORMAL_SCORING_TOKEN_IDENTITY	TRUE
PF4C-B3-001	SFN	BULK_FORMAL_SCORING_TOKEN_IDENTITY	TRUE
PF4C-B3-002	BAX	BULK_FORMAL_SCORING_TOKEN_IDENTITY	TRUE
PF4C-B3-002	CASP3	BULK_FORMAL_SCORING_TOKEN_IDENTITY	TRUE
PF4C-B3-002	CASP4	BULK_FORMAL_SCORING_TOKEN_IDENTITY	TRUE
PF4C-B3-003	HOXA2	BULK_FORMAL_SCORING_TOKEN_IDENTITY	TRUE
PF4C-B3-003	HOXC6	BULK_FORMAL_SCORING_TOKEN_IDENTITY	TRUE
PF4C-B3-003	MMP9	BULK_FORMAL_SCORING_TOKEN_IDENTITY	TRUE
PF4C-B3-003	MYOD1	BULK_FORMAL_SCORING_TOKEN_IDENTITY	TRUE
PF4C-B3-003	SHOX2	BULK_FORMAL_SCORING_TOKEN_IDENTITY	TRUE
PF4C-B3-003	WT1	BULK_FORMAL_SCORING_TOKEN_IDENTITY	TRUE
PF4C-B3-005	LDHA	BULK_FORMAL_SCORING_TOKEN_IDENTITY	TRUE
PF4C-B3-005	LDHB	BULK_FORMAL_SCORING_TOKEN_IDENTITY	TRUE
PF4C-B3-005	MRS2	BULK_FORMAL_SCORING_TOKEN_IDENTITY	TRUE
PF4C-B3-005	SLC16A1	BULK_FORMAL_SCORING_TOKEN_IDENTITY	TRUE
PF4C-B3-005	SLC25A12	BULK_FORMAL_SCORING_TOKEN_IDENTITY	TRUE
PF4C-B3-006	FADD	BULK_FORMAL_SCORING_TOKEN_IDENTITY	TRUE
PF4C-B3-006	FAS	BULK_FORMAL_SCORING_TOKEN_IDENTITY	TRUE
PF4C-B3-006	RIPK1	BULK_FORMAL_SCORING_TOKEN_IDENTITY	TRUE
PF4C-B3-006	RIPK3	BULK_FORMAL_SCORING_TOKEN_IDENTITY	TRUE
PF4C-B3-007	SIRT1	BULK_FORMAL_SCORING_TOKEN_IDENTITY	TRUE
PF4C-B3-007	SIRT2	BULK_FORMAL_SCORING_TOKEN_IDENTITY	TRUE
PF4C-B3-007	SIRT5	BULK_FORMAL_SCORING_TOKEN_IDENTITY	TRUE
PF4C-B3-007	SIRT6	BULK_FORMAL_SCORING_TOKEN_IDENTITY	TRUE
PF4C-B3-007	SIRT7	BULK_FORMAL_SCORING_TOKEN_IDENTITY	TRUE
PF4C-B3-008	FSTL1	BULK_FORMAL_SCORING_TOKEN_IDENTITY	TRUE
PF4C-B3-008	ITGAV	BULK_FORMAL_SCORING_TOKEN_IDENTITY	TRUE
PF4C-B3-008	KCNJ8	BULK_FORMAL_SCORING_TOKEN_IDENTITY	TRUE
PF4C-B3-008	LUM	BULK_FORMAL_SCORING_TOKEN_IDENTITY	TRUE
PF4C-B3-008	MSX1	BULK_FORMAL_SCORING_TOKEN_IDENTITY	TRUE
PF4C-B3-008	PDGFA	BULK_FORMAL_SCORING_TOKEN_IDENTITY	TRUE
PF4C-B3-008	POSTN	BULK_FORMAL_SCORING_TOKEN_IDENTITY	TRUE
PF4C-B3-008	PRG2	BULK_FORMAL_SCORING_TOKEN_IDENTITY	TRUE
PF4C-B3-008	SERPINA5	BULK_FORMAL_SCORING_TOKEN_IDENTITY	TRUE
PF4C-B3-008	SLCO2A1	BULK_FORMAL_SCORING_TOKEN_IDENTITY	TRUE
PF4C-B3-008	SPP1	BULK_FORMAL_SCORING_TOKEN_IDENTITY	TRUE
PF4C-B3-008	TIMP1	BULK_FORMAL_SCORING_TOKEN_IDENTITY	TRUE
PF4C-B3-008	TNFRSF21	BULK_FORMAL_SCORING_TOKEN_IDENTITY	TRUE
PF4C-B3-008	VEGFA	BULK_FORMAL_SCORING_TOKEN_IDENTITY	TRUE
PF4C-B3-009	CA9	BULK_FORMAL_SCORING_TOKEN_IDENTITY	TRUE
PF4C-B3-009	HSPB1	BULK_FORMAL_SCORING_TOKEN_IDENTITY	TRUE
PF4C-B3-009	MAP1LC3A	BULK_FORMAL_SCORING_TOKEN_IDENTITY	TRUE
PF4C-B3-009	MAPK1	BULK_FORMAL_SCORING_TOKEN_IDENTITY	TRUE
PF4C-B3-009	STAT3	BULK_FORMAL_SCORING_TOKEN_IDENTITY	TRUE
PF4C-B3-009	TNFAIP3	BULK_FORMAL_SCORING_TOKEN_IDENTITY	TRUE
PF4C-B3-009	ZEB1	BULK_FORMAL_SCORING_TOKEN_IDENTITY	TRUE
PF4C-B3-010	ANXA1	BULK_FORMAL_SCORING_TOKEN_IDENTITY	TRUE
PF4C-B3-010	CAPG	BULK_FORMAL_SCORING_TOKEN_IDENTITY	TRUE
PF4C-B3-010	IFI30	BULK_FORMAL_SCORING_TOKEN_IDENTITY	TRUE
PF4C-B3-010	IGFBP2	BULK_FORMAL_SCORING_TOKEN_IDENTITY	TRUE
PF4C-B3-010	PLAUR	BULK_FORMAL_SCORING_TOKEN_IDENTITY	TRUE
PF4C-B3-010	POSTN	BULK_FORMAL_SCORING_TOKEN_IDENTITY	TRUE
PF4C-B3-010	SCG3	BULK_FORMAL_SCORING_TOKEN_IDENTITY	TRUE
PF4C-B3-010	SERPINA3	BULK_FORMAL_SCORING_TOKEN_IDENTITY	TRUE
PF4C-B3-010	SMOC1	BULK_FORMAL_SCORING_TOKEN_IDENTITY	TRUE
PF4C-B3-010	SOX8	BULK_FORMAL_SCORING_TOKEN_IDENTITY	TRUE
PF4C-B3-010	TNFRSF12A	BULK_FORMAL_SCORING_TOKEN_IDENTITY	TRUE
PF4C-B3-013	BID	BULK_FORMAL_SCORING_TOKEN_IDENTITY	TRUE
PF4C-B3-013	CD70	BULK_FORMAL_SCORING_TOKEN_IDENTITY	TRUE
PF4C-B3-013	ULBP1	BULK_FORMAL_SCORING_TOKEN_IDENTITY	TRUE
PF4C-B3-014	ATPAF2	BULK_FORMAL_SCORING_TOKEN_IDENTITY	TRUE
PF4C-B3-014	CHEK2	BULK_FORMAL_SCORING_TOKEN_IDENTITY	TRUE
PF4C-B3-014	COQ2	BULK_FORMAL_SCORING_TOKEN_IDENTITY	TRUE
PF4C-B3-014	DAG1	BULK_FORMAL_SCORING_TOKEN_IDENTITY	TRUE
PF4C-B3-014	MPL	BULK_FORMAL_SCORING_TOKEN_IDENTITY	TRUE
PF4C-B3-014	MPV17	BULK_FORMAL_SCORING_TOKEN_IDENTITY	TRUE
PF4C-B3-014	NGLY1	BULK_FORMAL_SCORING_TOKEN_IDENTITY	TRUE
PF4C-B3-014	PYGL	BULK_FORMAL_SCORING_TOKEN_IDENTITY	TRUE
PF4C-B3-014	RARS2	BULK_FORMAL_SCORING_TOKEN_IDENTITY	TRUE
PF4C-B3-014	SLC16A1	BULK_FORMAL_SCORING_TOKEN_IDENTITY	TRUE
PF4C-B3-014	SLC7A7	BULK_FORMAL_SCORING_TOKEN_IDENTITY	TRUE
PF4C-B3-014	TET2	BULK_FORMAL_SCORING_TOKEN_IDENTITY	TRUE
PF4C-B3-014	TXN2	BULK_FORMAL_SCORING_TOKEN_IDENTITY	TRUE
PF4C-B3-014	USB1	BULK_FORMAL_SCORING_TOKEN_IDENTITY	TRUE
PF4C-B3-015	ALKBH5	BULK_FORMAL_SCORING_TOKEN_IDENTITY	TRUE
PF4C-B3-015	FTO	BULK_FORMAL_SCORING_TOKEN_IDENTITY	TRUE
PF4C-B3-015	YTHDF2	BULK_FORMAL_SCORING_TOKEN_IDENTITY	TRUE
PF4C-B3-016	CASP4	BULK_FORMAL_SCORING_TOKEN_IDENTITY	TRUE
PF4C-B3-016	CASP9	BULK_FORMAL_SCORING_TOKEN_IDENTITY	TRUE
PF4C-B3-016	GSDMC	BULK_FORMAL_SCORING_TOKEN_IDENTITY	TRUE
PF4C-B3-016	IL1A	BULK_FORMAL_SCORING_TOKEN_IDENTITY	TRUE
PF4C-B3-017	CASP3	BULK_FORMAL_SCORING_TOKEN_IDENTITY	TRUE
PF4C-B3-017	CASP4	BULK_FORMAL_SCORING_TOKEN_IDENTITY	TRUE
PF4C-B3-017	CASP9	BULK_FORMAL_SCORING_TOKEN_IDENTITY	TRUE
PF4C-B3-017	CYCS	BULK_FORMAL_SCORING_TOKEN_IDENTITY	TRUE
PF4C-B3-017	ELANE	BULK_FORMAL_SCORING_TOKEN_IDENTITY	TRUE
PF4C-B3-017	GSDMC	BULK_FORMAL_SCORING_TOKEN_IDENTITY	TRUE
PF4C-B3-017	IL18	BULK_FORMAL_SCORING_TOKEN_IDENTITY	TRUE
PF4C-B3-017	IL1A	BULK_FORMAL_SCORING_TOKEN_IDENTITY	TRUE
PF4C-B3-017	PLCG1	BULK_FORMAL_SCORING_TOKEN_IDENTITY	TRUE
PF4C-B3-017	TP63	BULK_FORMAL_SCORING_TOKEN_IDENTITY	TRUE
PF4C-B3-018	FKBP3	BULK_FORMAL_SCORING_TOKEN_IDENTITY	TRUE
PF4C-B3-018	HDAC1	BULK_FORMAL_SCORING_TOKEN_IDENTITY	TRUE
PF4C-B3-018	PHF21A	BULK_FORMAL_SCORING_TOKEN_IDENTITY	TRUE
PF4C-B3-018	RBL1	BULK_FORMAL_SCORING_TOKEN_IDENTITY	TRUE
PF4C-B3-018	RUNX1T1	BULK_FORMAL_SCORING_TOKEN_IDENTITY	TRUE
PF4C-B3-019	ABCC3	BULK_FORMAL_SCORING_TOKEN_IDENTITY	TRUE
PF4C-B3-019	ANXA1	BULK_FORMAL_SCORING_TOKEN_IDENTITY	TRUE
PF4C-B3-019	CD14	BULK_FORMAL_SCORING_TOKEN_IDENTITY	TRUE
PF4C-B3-019	COL1A1	BULK_FORMAL_SCORING_TOKEN_IDENTITY	TRUE
PF4C-B3-019	COL4A1	BULK_FORMAL_SCORING_TOKEN_IDENTITY	TRUE
PF4C-B3-019	COL4A2	BULK_FORMAL_SCORING_TOKEN_IDENTITY	TRUE
PF4C-B3-019	FBXL19	BULK_FORMAL_SCORING_TOKEN_IDENTITY	TRUE
PF4C-B3-019	IGFBP2	BULK_FORMAL_SCORING_TOKEN_IDENTITY	TRUE
PF4C-B3-019	JPH3	BULK_FORMAL_SCORING_TOKEN_IDENTITY	TRUE
PF4C-B3-019	PDPN	BULK_FORMAL_SCORING_TOKEN_IDENTITY	TRUE
PF4C-B3-019	S100A4	BULK_FORMAL_SCORING_TOKEN_IDENTITY	TRUE
PF4C-B3-019	SCG3	BULK_FORMAL_SCORING_TOKEN_IDENTITY	TRUE
PF4C-B3-019	SERPINA3	BULK_FORMAL_SCORING_TOKEN_IDENTITY	TRUE
PF4C-B3-019	SMOC1	BULK_FORMAL_SCORING_TOKEN_IDENTITY	TRUE
PF4C-B3-019	TGFB1	BULK_FORMAL_SCORING_TOKEN_IDENTITY	TRUE
PF4C-B3-020	APOBEC3C	BULK_FORMAL_SCORING_TOKEN_IDENTITY	TRUE
PF4C-B3-020	BIRC5	BULK_FORMAL_SCORING_TOKEN_IDENTITY	TRUE
PF4C-B3-020	BMP2	BULK_FORMAL_SCORING_TOKEN_IDENTITY	TRUE
PF4C-B3-020	CALCRL	BULK_FORMAL_SCORING_TOKEN_IDENTITY	TRUE
PF4C-B3-020	CDK4	BULK_FORMAL_SCORING_TOKEN_IDENTITY	TRUE
PF4C-B3-020	CMTM3	BULK_FORMAL_SCORING_TOKEN_IDENTITY	TRUE
PF4C-B3-020	FCER1G	BULK_FORMAL_SCORING_TOKEN_IDENTITY	TRUE
PF4C-B3-020	HNF4G	BULK_FORMAL_SCORING_TOKEN_IDENTITY	TRUE
PF4C-B3-020	IL24	BULK_FORMAL_SCORING_TOKEN_IDENTITY	TRUE
PF4C-B3-020	JAG1	BULK_FORMAL_SCORING_TOKEN_IDENTITY	TRUE
PF4C-B3-020	NOX4	BULK_FORMAL_SCORING_TOKEN_IDENTITY	TRUE
PF4C-B3-020	SOCS1	BULK_FORMAL_SCORING_TOKEN_IDENTITY	TRUE
PF4C-B3-020	TNC	BULK_FORMAL_SCORING_TOKEN_IDENTITY	TRUE
PF4C-B3-020	TRIM5	BULK_FORMAL_SCORING_TOKEN_IDENTITY	TRUE
PF4C-B3-020	VIM	BULK_FORMAL_SCORING_TOKEN_IDENTITY	TRUE
PF4C-B3-021	FLNC	BULK_FORMAL_SCORING_TOKEN_IDENTITY	TRUE
PF4C-B3-021	PARVB	BULK_FORMAL_SCORING_TOKEN_IDENTITY	TRUE
PF4C-B3-021	PGF	BULK_FORMAL_SCORING_TOKEN_IDENTITY	TRUE
PF4C-B3-021	PIK3CA	BULK_FORMAL_SCORING_TOKEN_IDENTITY	TRUE
PF4C-B3-021	RAP1B	BULK_FORMAL_SCORING_TOKEN_IDENTITY	TRUE
PF4C-B3-021	SDC1	BULK_FORMAL_SCORING_TOKEN_IDENTITY	TRUE
PF4C-B3-021	SPP1	BULK_FORMAL_SCORING_TOKEN_IDENTITY	TRUE
PF4C-B3-021	VEGFA	BULK_FORMAL_SCORING_TOKEN_IDENTITY	TRUE
PF4C-B3-023	DKK3	BULK_FORMAL_SCORING_TOKEN_IDENTITY	TRUE
PF4C-B3-023	EIF3L	BULK_FORMAL_SCORING_TOKEN_IDENTITY	TRUE
PF4C-B3-023	EIF4A2	BULK_FORMAL_SCORING_TOKEN_IDENTITY	TRUE
PF4C-B3-023	FDPS	BULK_FORMAL_SCORING_TOKEN_IDENTITY	TRUE
PF4C-B3-023	FLII	BULK_FORMAL_SCORING_TOKEN_IDENTITY	TRUE
PF4C-B3-023	FN1	BULK_FORMAL_SCORING_TOKEN_IDENTITY	TRUE
PF4C-B3-023	GRN	BULK_FORMAL_SCORING_TOKEN_IDENTITY	TRUE
PF4C-B3-023	HSPA5	BULK_FORMAL_SCORING_TOKEN_IDENTITY	TRUE
PF4C-B3-023	LY6E	BULK_FORMAL_SCORING_TOKEN_IDENTITY	TRUE
PF4C-B3-023	MAP1LC3A	BULK_FORMAL_SCORING_TOKEN_IDENTITY	TRUE
PF4C-B3-023	MTPN	BULK_FORMAL_SCORING_TOKEN_IDENTITY	TRUE
PF4C-B3-023	NDUFB2	BULK_FORMAL_SCORING_TOKEN_IDENTITY	TRUE
PF4C-B3-023	PLD3	BULK_FORMAL_SCORING_TOKEN_IDENTITY	TRUE
PF4C-B3-023	RNF10	BULK_FORMAL_SCORING_TOKEN_IDENTITY	TRUE
PF4C-B3-023	RPS19	BULK_FORMAL_SCORING_TOKEN_IDENTITY	TRUE
PF4C-B3-023	RTN4	BULK_FORMAL_SCORING_TOKEN_IDENTITY	TRUE
PF4C-B3-023	SCG5	BULK_FORMAL_SCORING_TOKEN_IDENTITY	TRUE
PF4C-B3-023	SERPINE2	BULK_FORMAL_SCORING_TOKEN_IDENTITY	TRUE
PF4C-B3-023	TAGLN2	BULK_FORMAL_SCORING_TOKEN_IDENTITY	TRUE
PF4C-B3-023	TTYH3	BULK_FORMAL_SCORING_TOKEN_IDENTITY	TRUE
PF4C-B3-024	EMP3	BULK_FORMAL_SCORING_TOKEN_IDENTITY	TRUE
PF4C-B3-024	KDELR2	BULK_FORMAL_SCORING_TOKEN_IDENTITY	TRUE
PF4C-B3-024	TAGLN2	BULK_FORMAL_SCORING_TOKEN_IDENTITY	TRUE
PF4C-B3-024	TIMP1	BULK_FORMAL_SCORING_TOKEN_IDENTITY	TRUE
PF4C-B3-025	BID	BULK_FORMAL_SCORING_TOKEN_IDENTITY	TRUE
PF4C-B3-025	BIRC5	BULK_FORMAL_SCORING_TOKEN_IDENTITY	TRUE
PF4C-B3-025	CX3CL1	BULK_FORMAL_SCORING_TOKEN_IDENTITY	TRUE
PF4C-B3-025	DAPK2	BULK_FORMAL_SCORING_TOKEN_IDENTITY	TRUE
PF4C-B3-025	FKBP1B	BULK_FORMAL_SCORING_TOKEN_IDENTITY	TRUE
PF4C-B3-025	GABARAP	BULK_FORMAL_SCORING_TOKEN_IDENTITY	TRUE
PF4C-B3-025	HSP90AB1	BULK_FORMAL_SCORING_TOKEN_IDENTITY	TRUE
PF4C-B3-025	IKBKE	BULK_FORMAL_SCORING_TOKEN_IDENTITY	TRUE
PF4C-B3-025	MAPK3	BULK_FORMAL_SCORING_TOKEN_IDENTITY	TRUE
PF4C-B3-025	MAPK8IP1	BULK_FORMAL_SCORING_TOKEN_IDENTITY	TRUE
PF4C-B3-025	NFE2L2	BULK_FORMAL_SCORING_TOKEN_IDENTITY	TRUE
PF4C-B3-025	NPC1	BULK_FORMAL_SCORING_TOKEN_IDENTITY	TRUE
PF4C-B3-025	PRKCQ	BULK_FORMAL_SCORING_TOKEN_IDENTITY	TRUE
PF4C-B3-025	PTEN	BULK_FORMAL_SCORING_TOKEN_IDENTITY	TRUE
PF4C-B3-025	SUPT20H	BULK_FORMAL_SCORING_TOKEN_IDENTITY	TRUE
PF4C-B3-026	NOP2	BULK_FORMAL_SCORING_TOKEN_IDENTITY	TRUE
PF4C-B3-026	NSUN4	BULK_FORMAL_SCORING_TOKEN_IDENTITY	TRUE
PF4C-B3-026	NSUN5	BULK_FORMAL_SCORING_TOKEN_IDENTITY	TRUE
PF4C-B3-026	NSUN6	BULK_FORMAL_SCORING_TOKEN_IDENTITY	TRUE
PF4C-B3-026	NSUN7	BULK_FORMAL_SCORING_TOKEN_IDENTITY	TRUE
PF4C-B3-028	CPT2	BULK_FORMAL_SCORING_TOKEN_IDENTITY	TRUE
PF4C-B3-028	ECI2	BULK_FORMAL_SCORING_TOKEN_IDENTITY	TRUE
PF4C-B3-028	MCCC2	BULK_FORMAL_SCORING_TOKEN_IDENTITY	TRUE
PF4C-B3-028	OXCT1	BULK_FORMAL_SCORING_TOKEN_IDENTITY	TRUE
PF4C-B3-028	SUCLG2	BULK_FORMAL_SCORING_TOKEN_IDENTITY	TRUE
PF4C-B3-029	ARC	BULK_FORMAL_SCORING_TOKEN_IDENTITY	TRUE
PF4C-B3-029	CCDC149	BULK_FORMAL_SCORING_TOKEN_IDENTITY	TRUE
PF4C-B3-029	CENPH	BULK_FORMAL_SCORING_TOKEN_IDENTITY	TRUE
PF4C-B3-029	CPM	BULK_FORMAL_SCORING_TOKEN_IDENTITY	TRUE
PF4C-B3-029	DDIT4	BULK_FORMAL_SCORING_TOKEN_IDENTITY	TRUE
PF4C-B3-029	EVI2B	BULK_FORMAL_SCORING_TOKEN_IDENTITY	TRUE
PF4C-B3-029	FAM126A	BULK_FORMAL_SCORING_TOKEN_IDENTITY	TRUE
PF4C-B3-029	FAM86B1	BULK_FORMAL_SCORING_TOKEN_IDENTITY	TRUE
PF4C-B3-029	FNDC3B	BULK_FORMAL_SCORING_TOKEN_IDENTITY	TRUE
PF4C-B3-029	GPR61	BULK_FORMAL_SCORING_TOKEN_IDENTITY	TRUE
PF4C-B3-029	HNRNPA1	BULK_FORMAL_SCORING_TOKEN_IDENTITY	TRUE
PF4C-B3-029	LMO7	BULK_FORMAL_SCORING_TOKEN_IDENTITY	TRUE
PF4C-B3-029	MGAT2	BULK_FORMAL_SCORING_TOKEN_IDENTITY	TRUE
PF4C-B3-029	SDE2	BULK_FORMAL_SCORING_TOKEN_IDENTITY	TRUE
PF4C-B3-029	SGCD	BULK_FORMAL_SCORING_TOKEN_IDENTITY	TRUE
PF4C-B3-029	SLC1A6	BULK_FORMAL_SCORING_TOKEN_IDENTITY	TRUE
PF4C-B3-029	SLC25A23	BULK_FORMAL_SCORING_TOKEN_IDENTITY	TRUE
PF4C-B3-029	SLCO1C1	BULK_FORMAL_SCORING_TOKEN_IDENTITY	TRUE
PF4C-B3-029	SNX10	BULK_FORMAL_SCORING_TOKEN_IDENTITY	TRUE
PF4C-B3-029	UBE2D2	BULK_FORMAL_SCORING_TOKEN_IDENTITY	TRUE
PF4C-B3-029	XPOT	BULK_FORMAL_SCORING_TOKEN_IDENTITY	TRUE
PF4C-B3-030	CHI3L1	BULK_FORMAL_SCORING_TOKEN_IDENTITY	TRUE
PF4C-B3-030	MMP9	BULK_FORMAL_SCORING_TOKEN_IDENTITY	TRUE
PF4C-B3-030	POSTN	BULK_FORMAL_SCORING_TOKEN_IDENTITY	TRUE
PF4C-B3-030	SAA1	BULK_FORMAL_SCORING_TOKEN_IDENTITY	TRUE
PF4C-B4-001	AADAT	BULK_FORMAL_SCORING_TOKEN_IDENTITY	TRUE
PF4C-B4-001	ACAT1	BULK_FORMAL_SCORING_TOKEN_IDENTITY	TRUE
PF4C-B4-001	AGXT	BULK_FORMAL_SCORING_TOKEN_IDENTITY	TRUE
PF4C-B4-001	AIP	BULK_FORMAL_SCORING_TOKEN_IDENTITY	TRUE
PF4C-B4-001	ALDH9A1	BULK_FORMAL_SCORING_TOKEN_IDENTITY	TRUE
PF4C-B4-001	ASL	BULK_FORMAL_SCORING_TOKEN_IDENTITY	TRUE
PF4C-B4-001	AZIN2	BULK_FORMAL_SCORING_TOKEN_IDENTITY	TRUE
PF4C-B4-001	BCAT2	BULK_FORMAL_SCORING_TOKEN_IDENTITY	TRUE
PF4C-B4-001	CBS	BULK_FORMAL_SCORING_TOKEN_IDENTITY	TRUE
PF4C-B4-001	CKM	BULK_FORMAL_SCORING_TOKEN_IDENTITY	TRUE
PF4C-B4-001	CKMT1A	BULK_FORMAL_SCORING_TOKEN_IDENTITY	TRUE
PF4C-B4-001	GCLC	BULK_FORMAL_SCORING_TOKEN_IDENTITY	TRUE
PF4C-B4-001	GPT	BULK_FORMAL_SCORING_TOKEN_IDENTITY	TRUE
PF4C-B4-001	INHBA	BULK_FORMAL_SCORING_TOKEN_IDENTITY	TRUE
PF4C-B4-001	KMO	BULK_FORMAL_SCORING_TOKEN_IDENTITY	TRUE
PF4C-B4-001	NQO1	BULK_FORMAL_SCORING_TOKEN_IDENTITY	TRUE
PF4C-B4-001	OAT	BULK_FORMAL_SCORING_TOKEN_IDENTITY	TRUE
PF4C-B4-001	ODC1	BULK_FORMAL_SCORING_TOKEN_IDENTITY	TRUE
PF4C-B4-001	OGDH	BULK_FORMAL_SCORING_TOKEN_IDENTITY	TRUE
PF4C-B4-001	PAH	BULK_FORMAL_SCORING_TOKEN_IDENTITY	TRUE
PF4C-B4-001	PCBD1	BULK_FORMAL_SCORING_TOKEN_IDENTITY	TRUE
PF4C-B4-001	PSMB2	BULK_FORMAL_SCORING_TOKEN_IDENTITY	TRUE
PF4C-B4-001	PSMB4	BULK_FORMAL_SCORING_TOKEN_IDENTITY	TRUE
PF4C-B4-001	PSMC2	BULK_FORMAL_SCORING_TOKEN_IDENTITY	TRUE
PF4C-B4-001	PSMC6	BULK_FORMAL_SCORING_TOKEN_IDENTITY	TRUE
PF4C-B4-001	PSMD12	BULK_FORMAL_SCORING_TOKEN_IDENTITY	TRUE
PF4C-B4-001	PSME4	BULK_FORMAL_SCORING_TOKEN_IDENTITY	TRUE
PF4C-B4-001	SLC25A10	BULK_FORMAL_SCORING_TOKEN_IDENTITY	TRUE
PF4C-B4-001	SRM	BULK_FORMAL_SCORING_TOKEN_IDENTITY	TRUE
PF4C-B4-001	SUOX	BULK_FORMAL_SCORING_TOKEN_IDENTITY	TRUE
PF4C-B4-002	GATA3	BULK_FORMAL_SCORING_TOKEN_IDENTITY	TRUE
PF4C-B4-002	NLRP2	BULK_FORMAL_SCORING_TOKEN_IDENTITY	TRUE
PF4C-B4-002	NLRP7	BULK_FORMAL_SCORING_TOKEN_IDENTITY	TRUE
PF4C-B4-002	NOD2	BULK_FORMAL_SCORING_TOKEN_IDENTITY	TRUE
PF4C-B4-002	TERT	BULK_FORMAL_SCORING_TOKEN_IDENTITY	TRUE
PF4C-B4-003	GADD45G	BULK_FORMAL_SCORING_TOKEN_IDENTITY	TRUE
PF4C-B4-003	GRIK2	BULK_FORMAL_SCORING_TOKEN_IDENTITY	TRUE
PF4C-B4-003	NTN4	BULK_FORMAL_SCORING_TOKEN_IDENTITY	TRUE
PF4C-B4-003	NUAK2	BULK_FORMAL_SCORING_TOKEN_IDENTITY	TRUE
PF4C-B4-003	RBP1	BULK_FORMAL_SCORING_TOKEN_IDENTITY	TRUE
PF4C-B4-003	RRM2	BULK_FORMAL_SCORING_TOKEN_IDENTITY	TRUE
PF4C-B4-003	TWIST1	BULK_FORMAL_SCORING_TOKEN_IDENTITY	TRUE
PF4C-B4-003	WEE1	BULK_FORMAL_SCORING_TOKEN_IDENTITY	TRUE
PF4C-B4-007	FAM3C	BULK_FORMAL_SCORING_TOKEN_IDENTITY	TRUE
PF4C-B4-007	GJB2	BULK_FORMAL_SCORING_TOKEN_IDENTITY	TRUE
PF4C-B4-007	KDM5B	BULK_FORMAL_SCORING_TOKEN_IDENTITY	TRUE
PF4C-B4-007	MARVELD1	BULK_FORMAL_SCORING_TOKEN_IDENTITY	TRUE
PF4C-B4-007	TGM2	BULK_FORMAL_SCORING_TOKEN_IDENTITY	TRUE
PF4C-B4-009	ADCY5	BULK_FORMAL_SCORING_TOKEN_IDENTITY	TRUE
PF4C-B4-009	BDKRB1	BULK_FORMAL_SCORING_TOKEN_IDENTITY	TRUE
PF4C-B4-009	CAMK2G	BULK_FORMAL_SCORING_TOKEN_IDENTITY	TRUE
PF4C-B4-009	HTR2A	BULK_FORMAL_SCORING_TOKEN_IDENTITY	TRUE
PF4C-B4-009	MAPK13	BULK_FORMAL_SCORING_TOKEN_IDENTITY	TRUE
PF4C-B4-009	P2RY2	BULK_FORMAL_SCORING_TOKEN_IDENTITY	TRUE
PF4C-B4-009	PLA2G4D	BULK_FORMAL_SCORING_TOKEN_IDENTITY	TRUE
PF4C-B4-009	PRKCB	BULK_FORMAL_SCORING_TOKEN_IDENTITY	TRUE
PF4C-B4-009	TRPM6	BULK_FORMAL_SCORING_TOKEN_IDENTITY	TRUE
PF4C-B4-009	TRPV3	BULK_FORMAL_SCORING_TOKEN_IDENTITY	TRUE
PF4C-B4-010	APOE	BULK_FORMAL_SCORING_TOKEN_IDENTITY	TRUE
PF4C-B4-010	CXCL16	BULK_FORMAL_SCORING_TOKEN_IDENTITY	TRUE
PF4C-B4-010	ELOVL2	BULK_FORMAL_SCORING_TOKEN_IDENTITY	TRUE
PF4C-B4-010	FABP5	BULK_FORMAL_SCORING_TOKEN_IDENTITY	TRUE
PF4C-B4-010	S100A11	BULK_FORMAL_SCORING_TOKEN_IDENTITY	TRUE
PF4C-B4-010	SCD	BULK_FORMAL_SCORING_TOKEN_IDENTITY	TRUE
PF4C-B4-010	TNFRSF12A	BULK_FORMAL_SCORING_TOKEN_IDENTITY	TRUE
PF4C-B4-011	EXO1	BULK_FORMAL_SCORING_TOKEN_IDENTITY	TRUE
PF4C-B4-011	POLD2	BULK_FORMAL_SCORING_TOKEN_IDENTITY	TRUE
PF4C-B4-011	POLD4	BULK_FORMAL_SCORING_TOKEN_IDENTITY	TRUE
PF4C-B4-011	RFC1	BULK_FORMAL_SCORING_TOKEN_IDENTITY	TRUE
PF4C-B4-011	RFC2	BULK_FORMAL_SCORING_TOKEN_IDENTITY	TRUE
PF4C-B4-011	RFC4	BULK_FORMAL_SCORING_TOKEN_IDENTITY	TRUE
PF4C-B4-011	RPA3	BULK_FORMAL_SCORING_TOKEN_IDENTITY	TRUE
PF4C-B4-012	AP1S1	BULK_FORMAL_SCORING_TOKEN_IDENTITY	TRUE
PF4C-B4-012	CA14	BULK_FORMAL_SCORING_TOKEN_IDENTITY	TRUE
PF4C-B4-012	HEPH	BULK_FORMAL_SCORING_TOKEN_IDENTITY	TRUE
PF4C-B4-012	HMGCL	BULK_FORMAL_SCORING_TOKEN_IDENTITY	TRUE
PF4C-B4-012	HOXD10	BULK_FORMAL_SCORING_TOKEN_IDENTITY	TRUE
PF4C-B4-012	NACAD	BULK_FORMAL_SCORING_TOKEN_IDENTITY	TRUE
PF4C-B4-012	NDUFB2	BULK_FORMAL_SCORING_TOKEN_IDENTITY	TRUE
PF4C-B4-012	SCARA3	BULK_FORMAL_SCORING_TOKEN_IDENTITY	TRUE
PF4C-B4-012	SH2D1B	BULK_FORMAL_SCORING_TOKEN_IDENTITY	TRUE
PF4C-B4-012	SLC9A3R2	BULK_FORMAL_SCORING_TOKEN_IDENTITY	TRUE
PF4C-B4-012	SOX21	BULK_FORMAL_SCORING_TOKEN_IDENTITY	TRUE
PF4C-B4-015	ABI3	BULK_FORMAL_SCORING_TOKEN_IDENTITY	TRUE
PF4C-B4-015	AP1B1	BULK_FORMAL_SCORING_TOKEN_IDENTITY	TRUE
PF4C-B4-015	C3	BULK_FORMAL_SCORING_TOKEN_IDENTITY	TRUE
PF4C-B4-015	CD53	BULK_FORMAL_SCORING_TOKEN_IDENTITY	TRUE
PF4C-B4-015	CYBB	BULK_FORMAL_SCORING_TOKEN_IDENTITY	TRUE
PF4C-B4-015	GAL3ST4	BULK_FORMAL_SCORING_TOKEN_IDENTITY	TRUE
PF4C-B4-015	PLEKHO2	BULK_FORMAL_SCORING_TOKEN_IDENTITY	TRUE
PF4C-B4-015	PLXDC2	BULK_FORMAL_SCORING_TOKEN_IDENTITY	TRUE
PF4C-B4-015	RIN3	BULK_FORMAL_SCORING_TOKEN_IDENTITY	TRUE
PF4C-B4-015	SCIN	BULK_FORMAL_SCORING_TOKEN_IDENTITY	TRUE
PF4C-B4-015	SIGLEC10	BULK_FORMAL_SCORING_TOKEN_IDENTITY	TRUE
PF4C-B4-015	SLA	BULK_FORMAL_SCORING_TOKEN_IDENTITY	TRUE
PF4C-B4-015	SLC37A2	BULK_FORMAL_SCORING_TOKEN_IDENTITY	TRUE
PF4C-B4-015	TREM2	BULK_FORMAL_SCORING_TOKEN_IDENTITY	TRUE
PF4C-B4-016	ANXA1	BULK_FORMAL_SCORING_TOKEN_IDENTITY	TRUE
PF4C-B4-016	CCL2	BULK_FORMAL_SCORING_TOKEN_IDENTITY	TRUE
PF4C-B4-016	CLIC1	BULK_FORMAL_SCORING_TOKEN_IDENTITY	TRUE
PF4C-B4-016	GSN	BULK_FORMAL_SCORING_TOKEN_IDENTITY	TRUE
PF4C-B4-016	LGALS1	BULK_FORMAL_SCORING_TOKEN_IDENTITY	TRUE
PF4C-B4-016	MAP1B	BULK_FORMAL_SCORING_TOKEN_IDENTITY	TRUE
PF4C-B4-016	MGP	BULK_FORMAL_SCORING_TOKEN_IDENTITY	TRUE
PF4C-B4-016	MYL12A	BULK_FORMAL_SCORING_TOKEN_IDENTITY	TRUE
PF4C-B4-016	PDLIM4	BULK_FORMAL_SCORING_TOKEN_IDENTITY	TRUE
PF4C-B4-016	POSTN	BULK_FORMAL_SCORING_TOKEN_IDENTITY	TRUE
PF4C-B4-017	CAPG	BULK_FORMAL_SCORING_TOKEN_IDENTITY	TRUE
PF4C-B4-017	CLIC1	BULK_FORMAL_SCORING_TOKEN_IDENTITY	TRUE
PF4C-B4-017	GLB1	BULK_FORMAL_SCORING_TOKEN_IDENTITY	TRUE
PF4C-B4-017	GNG12	BULK_FORMAL_SCORING_TOKEN_IDENTITY	TRUE
PF4C-B4-017	KIF20A	BULK_FORMAL_SCORING_TOKEN_IDENTITY	TRUE
PF4C-B4-017	PDIA4	BULK_FORMAL_SCORING_TOKEN_IDENTITY	TRUE
PF4C-B4-017	SULF2	BULK_FORMAL_SCORING_TOKEN_IDENTITY	TRUE
PF4C-B4-017	TAGLN2	BULK_FORMAL_SCORING_TOKEN_IDENTITY	TRUE
PF4C-B4-017	WEE1	BULK_FORMAL_SCORING_TOKEN_IDENTITY	TRUE
PF4C-B4-018	CDC20	BULK_FORMAL_SCORING_TOKEN_IDENTITY	TRUE
PF4C-B4-018	CDCA5	BULK_FORMAL_SCORING_TOKEN_IDENTITY	TRUE
PF4C-B4-018	KIF11	BULK_FORMAL_SCORING_TOKEN_IDENTITY	TRUE
PF4C-B4-018	KIF20A	BULK_FORMAL_SCORING_TOKEN_IDENTITY	TRUE
PF4C-B4-018	KIF4A	BULK_FORMAL_SCORING_TOKEN_IDENTITY	TRUE
PF4C-B4-018	PBK	BULK_FORMAL_SCORING_TOKEN_IDENTITY	TRUE
PF4C-B4-018	RRM2	BULK_FORMAL_SCORING_TOKEN_IDENTITY	TRUE
PF4C-B4-021	AKT1	BULK_FORMAL_SCORING_TOKEN_IDENTITY	TRUE
PF4C-B4-021	ELK1	BULK_FORMAL_SCORING_TOKEN_IDENTITY	TRUE
PF4C-B4-021	FES	BULK_FORMAL_SCORING_TOKEN_IDENTITY	TRUE
PF4C-B4-021	HSP90B1	BULK_FORMAL_SCORING_TOKEN_IDENTITY	TRUE
PF4C-B4-021	IGF1R	BULK_FORMAL_SCORING_TOKEN_IDENTITY	TRUE
PF4C-B4-021	IGFBP2	BULK_FORMAL_SCORING_TOKEN_IDENTITY	TRUE
PF4C-B4-021	IGFBP5	BULK_FORMAL_SCORING_TOKEN_IDENTITY	TRUE
PF4C-B4-021	IKBKB	BULK_FORMAL_SCORING_TOKEN_IDENTITY	TRUE
PF4C-B4-021	IL2RG	BULK_FORMAL_SCORING_TOKEN_IDENTITY	TRUE
PF4C-B4-021	JAK3	BULK_FORMAL_SCORING_TOKEN_IDENTITY	TRUE
PF4C-B4-021	MDM2	BULK_FORMAL_SCORING_TOKEN_IDENTITY	TRUE
PF4C-B4-021	NFKB1	BULK_FORMAL_SCORING_TOKEN_IDENTITY	TRUE
PF4C-B4-021	PCNA	BULK_FORMAL_SCORING_TOKEN_IDENTITY	TRUE
PF4C-B4-021	PIK3CD	BULK_FORMAL_SCORING_TOKEN_IDENTITY	TRUE
PF4C-B4-021	RPS6KA1	BULK_FORMAL_SCORING_TOKEN_IDENTITY	TRUE
PF4C-B4-021	SOCS1	BULK_FORMAL_SCORING_TOKEN_IDENTITY	TRUE
PF4C-B4-023	CASP1	BULK_FORMAL_SCORING_TOKEN_IDENTITY	TRUE
PF4C-B4-023	CASP3	BULK_FORMAL_SCORING_TOKEN_IDENTITY	TRUE
PF4C-B4-023	IL18	BULK_FORMAL_SCORING_TOKEN_IDENTITY	TRUE
PF4C-B4-024	ADAMDEC1	BULK_FORMAL_SCORING_TOKEN_IDENTITY	TRUE
PF4C-B4-024	HOXA5	BULK_FORMAL_SCORING_TOKEN_IDENTITY	TRUE
PF4C-B4-024	HOXD10	BULK_FORMAL_SCORING_TOKEN_IDENTITY	TRUE
PF4C-B4-024	MYBPH	BULK_FORMAL_SCORING_TOKEN_IDENTITY	TRUE
PF4C-B4-024	POSTN	BULK_FORMAL_SCORING_TOKEN_IDENTITY	TRUE
PF4C-B4-024	PTPN2	BULK_FORMAL_SCORING_TOKEN_IDENTITY	TRUE
PF4C-B4-024	WT1	BULK_FORMAL_SCORING_TOKEN_IDENTITY	TRUE
PF4C-B4-025	CHRM3	BULK_FORMAL_SCORING_TOKEN_IDENTITY	TRUE
PF4C-B4-025	ITPKA	BULK_FORMAL_SCORING_TOKEN_IDENTITY	TRUE
PF4C-B4-025	L1CAM	BULK_FORMAL_SCORING_TOKEN_IDENTITY	TRUE
PF4C-B4-025	NPTN	BULK_FORMAL_SCORING_TOKEN_IDENTITY	TRUE
PF4C-B4-025	OSMR	BULK_FORMAL_SCORING_TOKEN_IDENTITY	TRUE
PF4C-B4-025	PDLIM1	BULK_FORMAL_SCORING_TOKEN_IDENTITY	TRUE
PF4C-B4-025	PLK2	BULK_FORMAL_SCORING_TOKEN_IDENTITY	TRUE
PF4C-B4-025	POSTN	BULK_FORMAL_SCORING_TOKEN_IDENTITY	TRUE
PF4C-B4-025	TMEM71	BULK_FORMAL_SCORING_TOKEN_IDENTITY	TRUE
PF4C-B4-026	ARMC10	BULK_FORMAL_SCORING_TOKEN_IDENTITY	TRUE
PF4C-B4-026	AUTS2	BULK_FORMAL_SCORING_TOKEN_IDENTITY	TRUE
PF4C-B4-026	EN1	BULK_FORMAL_SCORING_TOKEN_IDENTITY	TRUE
PF4C-B4-026	EREG	BULK_FORMAL_SCORING_TOKEN_IDENTITY	TRUE
PF4C-B4-026	ERP29	BULK_FORMAL_SCORING_TOKEN_IDENTITY	TRUE
PF4C-B4-026	HOXA2	BULK_FORMAL_SCORING_TOKEN_IDENTITY	TRUE
PF4C-B4-026	HOXA5	BULK_FORMAL_SCORING_TOKEN_IDENTITY	TRUE
PF4C-B4-026	HOXA7	BULK_FORMAL_SCORING_TOKEN_IDENTITY	TRUE
PF4C-B4-026	HSPA5	BULK_FORMAL_SCORING_TOKEN_IDENTITY	TRUE
PF4C-B4-026	LAP3	BULK_FORMAL_SCORING_TOKEN_IDENTITY	TRUE
PF4C-B4-026	MDK	BULK_FORMAL_SCORING_TOKEN_IDENTITY	TRUE
PF4C-B4-026	MTRF1L	BULK_FORMAL_SCORING_TOKEN_IDENTITY	TRUE
PF4C-B4-026	NBEAL1	BULK_FORMAL_SCORING_TOKEN_IDENTITY	TRUE
PF4C-B4-026	SLC37A3	BULK_FORMAL_SCORING_TOKEN_IDENTITY	TRUE
PF4C-B4-026	SLC6A6	BULK_FORMAL_SCORING_TOKEN_IDENTITY	TRUE
PF4C-B4-027	ACACB	BULK_FORMAL_SCORING_TOKEN_IDENTITY	TRUE
PF4C-B4-027	ACADSB	BULK_FORMAL_SCORING_TOKEN_IDENTITY	TRUE
PF4C-B4-027	ADCY3	BULK_FORMAL_SCORING_TOKEN_IDENTITY	TRUE
PF4C-B4-027	G6PC3	BULK_FORMAL_SCORING_TOKEN_IDENTITY	TRUE
PF4C-B4-027	GLB1	BULK_FORMAL_SCORING_TOKEN_IDENTITY	TRUE
PF4C-B4-027	GNAI3	BULK_FORMAL_SCORING_TOKEN_IDENTITY	TRUE
PF4C-B4-027	HADHA	BULK_FORMAL_SCORING_TOKEN_IDENTITY	TRUE
PF4C-B4-027	LCAT	BULK_FORMAL_SCORING_TOKEN_IDENTITY	TRUE
PF4C-B4-027	NEU4	BULK_FORMAL_SCORING_TOKEN_IDENTITY	TRUE
PF4C-B4-027	PAFAH2	BULK_FORMAL_SCORING_TOKEN_IDENTITY	TRUE
PF4C-B4-027	SGPL1	BULK_FORMAL_SCORING_TOKEN_IDENTITY	TRUE
PF4C-B4-029	CRLF1	BULK_FORMAL_SCORING_TOKEN_IDENTITY	TRUE
PF4C-B4-029	PLOD2	BULK_FORMAL_SCORING_TOKEN_IDENTITY	TRUE
PF4C-B4-029	SPOCK1	BULK_FORMAL_SCORING_TOKEN_IDENTITY	TRUE
PF4C-B4-029	SPP1	BULK_FORMAL_SCORING_TOKEN_IDENTITY	TRUE
PF4C-B4-030	EPHB1	BULK_FORMAL_SCORING_TOKEN_IDENTITY	TRUE
PF4C-B4-030	GFRA1	BULK_FORMAL_SCORING_TOKEN_IDENTITY	TRUE
PF4C-B4-030	IBSP	BULK_FORMAL_SCORING_TOKEN_IDENTITY	TRUE
PF4C-B4-030	MEOX2	BULK_FORMAL_SCORING_TOKEN_IDENTITY	TRUE
PF4C-B4-030	NOG	BULK_FORMAL_SCORING_TOKEN_IDENTITY	TRUE
PF4C-FINAL-001	CD274	BULK_FORMAL_SCORING_TOKEN_IDENTITY	TRUE
PF4C-FINAL-001	CD276	BULK_FORMAL_SCORING_TOKEN_IDENTITY	TRUE
PF4C-FINAL-001	CD80	BULK_FORMAL_SCORING_TOKEN_IDENTITY	TRUE
PF4C-FINAL-001	PDCD1LG2	BULK_FORMAL_SCORING_TOKEN_IDENTITY	TRUE
PF4C-FINAL-002	BMP1	BULK_FORMAL_SCORING_TOKEN_IDENTITY	TRUE
PF4C-FINAL-002	BMP2	BULK_FORMAL_SCORING_TOKEN_IDENTITY	TRUE
PF4C-FINAL-002	CASP3	BULK_FORMAL_SCORING_TOKEN_IDENTITY	TRUE
PF4C-FINAL-002	CD151	BULK_FORMAL_SCORING_TOKEN_IDENTITY	TRUE
PF4C-FINAL-002	COL8A1	BULK_FORMAL_SCORING_TOKEN_IDENTITY	TRUE
PF4C-FINAL-002	LOX	BULK_FORMAL_SCORING_TOKEN_IDENTITY	TRUE
PF4C-FINAL-002	PLOD3	BULK_FORMAL_SCORING_TOKEN_IDENTITY	TRUE
PF4C-FINAL-002	SDC1	BULK_FORMAL_SCORING_TOKEN_IDENTITY	TRUE
PF4C-FINAL-002	SERPINH1	BULK_FORMAL_SCORING_TOKEN_IDENTITY	TRUE
PF4C-FINAL-002	SPP1	BULK_FORMAL_SCORING_TOKEN_IDENTITY	TRUE
PF4C-FINAL-002	TIMP1	BULK_FORMAL_SCORING_TOKEN_IDENTITY	TRUE
PF4C-FINAL-003	CCL18	BULK_FORMAL_SCORING_TOKEN_IDENTITY	TRUE
PF4C-FINAL-003	CCL2	BULK_FORMAL_SCORING_TOKEN_IDENTITY	TRUE
PF4C-FINAL-003	CCL5	BULK_FORMAL_SCORING_TOKEN_IDENTITY	TRUE
PF4C-FINAL-003	CXCL16	BULK_FORMAL_SCORING_TOKEN_IDENTITY	TRUE
PF4C-FINAL-004	DLD	BULK_FORMAL_SCORING_TOKEN_IDENTITY	TRUE
PF4C-FINAL-004	FDX1	BULK_FORMAL_SCORING_TOKEN_IDENTITY	TRUE
PF4C-FINAL-004	LIAS	BULK_FORMAL_SCORING_TOKEN_IDENTITY	TRUE
PF4C-FINAL-004	LIPT1	BULK_FORMAL_SCORING_TOKEN_IDENTITY	TRUE
PF4C-FINAL-004	PDHA1	BULK_FORMAL_SCORING_TOKEN_IDENTITY	TRUE
PF4C-FINAL-008	CRLF1	BULK_FORMAL_SCORING_TOKEN_IDENTITY	TRUE
PF4C-FINAL-008	EGR1	BULK_FORMAL_SCORING_TOKEN_IDENTITY	TRUE
PF4C-FINAL-008	EN2	BULK_FORMAL_SCORING_TOKEN_IDENTITY	TRUE
PF4C-FINAL-008	ICAM5	BULK_FORMAL_SCORING_TOKEN_IDENTITY	TRUE
PF4C-FINAL-008	MFAP2	BULK_FORMAL_SCORING_TOKEN_IDENTITY	TRUE
PF4C-FINAL-008	MSMP	BULK_FORMAL_SCORING_TOKEN_IDENTITY	TRUE
PF4C-FINAL-008	NEFM	BULK_FORMAL_SCORING_TOKEN_IDENTITY	TRUE
PF4C-FINAL-008	NRGN	BULK_FORMAL_SCORING_TOKEN_IDENTITY	TRUE
PF4C-FINAL-008	RGS4	BULK_FORMAL_SCORING_TOKEN_IDENTITY	TRUE
PF4C-FINAL-008	SLC17A7	BULK_FORMAL_SCORING_TOKEN_IDENTITY	TRUE
PF4C-FINAL-008	SOX3	BULK_FORMAL_SCORING_TOKEN_IDENTITY	TRUE
PF4C-FINAL-009	G0S2	BULK_FORMAL_SCORING_TOKEN_IDENTITY	TRUE
PF4C-FINAL-009	PLAUR	BULK_FORMAL_SCORING_TOKEN_IDENTITY	TRUE
PF4C-FINAL-009	SPAG4	BULK_FORMAL_SCORING_TOKEN_IDENTITY	TRUE
PF4C-FINAL-012	ADORA1	BULK_FORMAL_SCORING_TOKEN_IDENTITY	TRUE
PF4C-FINAL-012	AURKB	BULK_FORMAL_SCORING_TOKEN_IDENTITY	TRUE
PF4C-FINAL-012	AVPR1B	BULK_FORMAL_SCORING_TOKEN_IDENTITY	TRUE
PF4C-FINAL-012	BCHE	BULK_FORMAL_SCORING_TOKEN_IDENTITY	TRUE
PF4C-FINAL-012	CA12	BULK_FORMAL_SCORING_TOKEN_IDENTITY	TRUE
PF4C-FINAL-012	CA3	BULK_FORMAL_SCORING_TOKEN_IDENTITY	TRUE
PF4C-FINAL-012	CASP6	BULK_FORMAL_SCORING_TOKEN_IDENTITY	TRUE
PF4C-FINAL-012	MGMT	BULK_FORMAL_SCORING_TOKEN_IDENTITY	TRUE
PF4C-FINAL-012	NFE2L2	BULK_FORMAL_SCORING_TOKEN_IDENTITY	TRUE
PF4C-FINAL-012	NTRK3	BULK_FORMAL_SCORING_TOKEN_IDENTITY	TRUE
PF4C-FINAL-012	SMO	BULK_FORMAL_SCORING_TOKEN_IDENTITY	TRUE
PF4C-FINAL-016	DLAT	BULK_FORMAL_SCORING_TOKEN_IDENTITY	TRUE
PF4C-FINAL-016	DLD	BULK_FORMAL_SCORING_TOKEN_IDENTITY	TRUE
PF4C-FINAL-016	FDX1	BULK_FORMAL_SCORING_TOKEN_IDENTITY	TRUE
PF4C-FINAL-016	GLS	BULK_FORMAL_SCORING_TOKEN_IDENTITY	TRUE
PF4C-FINAL-016	LIAS	BULK_FORMAL_SCORING_TOKEN_IDENTITY	TRUE
PF4C-FINAL-016	LIPT1	BULK_FORMAL_SCORING_TOKEN_IDENTITY	TRUE
PF4C-FINAL-016	MTF1	BULK_FORMAL_SCORING_TOKEN_IDENTITY	TRUE
PF4C-FINAL-016	PDHA1	BULK_FORMAL_SCORING_TOKEN_IDENTITY	TRUE
PF4C-FINAL-016	PDHB	BULK_FORMAL_SCORING_TOKEN_IDENTITY	TRUE
PF4C-FINAL-017	ACOT7	BULK_FORMAL_SCORING_TOKEN_IDENTITY	TRUE
PF4C-FINAL-017	ACTA1	BULK_FORMAL_SCORING_TOKEN_IDENTITY	TRUE
PF4C-FINAL-017	EEF1B22	BULK_FORMAL_SCORING_TOKEN_IDENTITY	TRUE
PF4C-FINAL-017	ETV4	BULK_FORMAL_SCORING_TOKEN_IDENTITY	TRUE
PF4C-FINAL-017	GALE	BULK_FORMAL_SCORING_TOKEN_IDENTITY	TRUE
PF4C-FINAL-017	GUCA1A	BULK_FORMAL_SCORING_TOKEN_IDENTITY	TRUE
PF4C-FINAL-017	MGMT	BULK_FORMAL_SCORING_TOKEN_IDENTITY	TRUE
PF4C-FINAL-017	MICALL2	BULK_FORMAL_SCORING_TOKEN_IDENTITY	TRUE
PF4C-FINAL-017	NLRP12	BULK_FORMAL_SCORING_TOKEN_IDENTITY	TRUE
PF4C-FINAL-017	NMNAT3	BULK_FORMAL_SCORING_TOKEN_IDENTITY	TRUE
PF4C-FINAL-017	NOL3	BULK_FORMAL_SCORING_TOKEN_IDENTITY	TRUE
PF4C-FINAL-017	NT5M	BULK_FORMAL_SCORING_TOKEN_IDENTITY	TRUE
PF4C-FINAL-017	NUAK2	BULK_FORMAL_SCORING_TOKEN_IDENTITY	TRUE
PF4C-FINAL-017	OR2F2	BULK_FORMAL_SCORING_TOKEN_IDENTITY	TRUE
PF4C-FINAL-017	PCDHB3	BULK_FORMAL_SCORING_TOKEN_IDENTITY	TRUE
PF4C-FINAL-017	PDE6H	BULK_FORMAL_SCORING_TOKEN_IDENTITY	TRUE
PF4C-FINAL-017	RENBP	BULK_FORMAL_SCORING_TOKEN_IDENTITY	TRUE
PF4C-FINAL-017	RPL39L	BULK_FORMAL_SCORING_TOKEN_IDENTITY	TRUE
PF4C-FINAL-017	SLC35G5	BULK_FORMAL_SCORING_TOKEN_IDENTITY	TRUE
PF4C-FINAL-017	TH	BULK_FORMAL_SCORING_TOKEN_IDENTITY	TRUE
PF4C-FINAL-017	TSPAN4	BULK_FORMAL_SCORING_TOKEN_IDENTITY	TRUE
PF4C-FINAL-017	USP44	BULK_FORMAL_SCORING_TOKEN_IDENTITY	TRUE
PF4C-FINAL-018	BARD1	BULK_FORMAL_SCORING_TOKEN_IDENTITY	TRUE
PF4C-FINAL-018	CTSB	BULK_FORMAL_SCORING_TOKEN_IDENTITY	TRUE
PF4C-FINAL-018	DCT	BULK_FORMAL_SCORING_TOKEN_IDENTITY	TRUE
PF4C-FINAL-018	GSTP1	BULK_FORMAL_SCORING_TOKEN_IDENTITY	TRUE
PF4C-FINAL-018	HOXC6	BULK_FORMAL_SCORING_TOKEN_IDENTITY	TRUE
PF4C-FINAL-018	NEUROD1	BULK_FORMAL_SCORING_TOKEN_IDENTITY	TRUE
PF4C-FINAL-020	CFP	BULK_FORMAL_SCORING_TOKEN_IDENTITY	TRUE
PF4C-FINAL-020	CHGB	BULK_FORMAL_SCORING_TOKEN_IDENTITY	TRUE
PF4C-FINAL-020	FGFR1	BULK_FORMAL_SCORING_TOKEN_IDENTITY	TRUE
PF4C-FINAL-020	FLT3	BULK_FORMAL_SCORING_TOKEN_IDENTITY	TRUE
PF4C-FINAL-020	NR2C1	BULK_FORMAL_SCORING_TOKEN_IDENTITY	TRUE
PF4C-FINAL-020	S100P	BULK_FORMAL_SCORING_TOKEN_IDENTITY	TRUE
PF4C-FINAL-020	SEMA4G	BULK_FORMAL_SCORING_TOKEN_IDENTITY	TRUE
PF4C-FINAL-020	VTN	BULK_FORMAL_SCORING_TOKEN_IDENTITY	TRUE
PF4C-FINAL-022	CFH	BULK_FORMAL_SCORING_TOKEN_IDENTITY	TRUE
PF4C-FINAL-022	GALNT3	BULK_FORMAL_SCORING_TOKEN_IDENTITY	TRUE
PF4C-FINAL-022	SMC4	BULK_FORMAL_SCORING_TOKEN_IDENTITY	TRUE
PF4C-FINAL-022	VAV3	BULK_FORMAL_SCORING_TOKEN_IDENTITY	TRUE
PF4C-FINAL-024	ASMT	BULK_FORMAL_SCORING_TOKEN_IDENTITY	TRUE
PF4C-FINAL-024	CYP1A1	BULK_FORMAL_SCORING_TOKEN_IDENTITY	TRUE
PF4C-FINAL-024	IL4I1	BULK_FORMAL_SCORING_TOKEN_IDENTITY	TRUE
PF4C-FINAL-024	OGDHL	BULK_FORMAL_SCORING_TOKEN_IDENTITY	TRUE
PF4C-FINAL-025	ARHGAP12	BULK_FORMAL_SCORING_TOKEN_IDENTITY	TRUE
PF4C-FINAL-025	CALN1	BULK_FORMAL_SCORING_TOKEN_IDENTITY	TRUE
PF4C-FINAL-025	FAM171A1	BULK_FORMAL_SCORING_TOKEN_IDENTITY	TRUE
PF4C-FINAL-025	H2AX	BULK_FORMAL_SCORING_TOKEN_IDENTITY	TRUE
PF4C-FINAL-025	IDI1	BULK_FORMAL_SCORING_TOKEN_IDENTITY	TRUE
PF4C-FINAL-025	NRG3	BULK_FORMAL_SCORING_TOKEN_IDENTITY	TRUE
PF4C-FINAL-025	PHF11	BULK_FORMAL_SCORING_TOKEN_IDENTITY	TRUE
PF4C-FINAL-025	PPM1M	BULK_FORMAL_SCORING_TOKEN_IDENTITY	TRUE
PF4C-FINAL-025	PTDSS1	BULK_FORMAL_SCORING_TOKEN_IDENTITY	TRUE
PF4C-FINAL-025	SCYL2	BULK_FORMAL_SCORING_TOKEN_IDENTITY	TRUE
PF4C-FINAL-025	SEMA4G	BULK_FORMAL_SCORING_TOKEN_IDENTITY	TRUE
PF4C-FINAL-026	ATP2B2	BULK_FORMAL_SCORING_TOKEN_IDENTITY	TRUE
PF4C-FINAL-026	CACNA1B	BULK_FORMAL_SCORING_TOKEN_IDENTITY	TRUE
PF4C-FINAL-026	CACNA1E	BULK_FORMAL_SCORING_TOKEN_IDENTITY	TRUE
PF4C-FINAL-026	CACNA1I	BULK_FORMAL_SCORING_TOKEN_IDENTITY	TRUE
PF4C-FINAL-026	CAMK2A	BULK_FORMAL_SCORING_TOKEN_IDENTITY	TRUE
PF4C-FINAL-026	CAMK2B	BULK_FORMAL_SCORING_TOKEN_IDENTITY	TRUE
PF4C-FINAL-026	CAMK4	BULK_FORMAL_SCORING_TOKEN_IDENTITY	TRUE
PF4C-FINAL-026	F2R	BULK_FORMAL_SCORING_TOKEN_IDENTITY	TRUE
PF4C-FINAL-026	GNAL	BULK_FORMAL_SCORING_TOKEN_IDENTITY	TRUE
PF4C-FINAL-026	GRIN2A	BULK_FORMAL_SCORING_TOKEN_IDENTITY	TRUE
PF4C-FINAL-026	GRM1	BULK_FORMAL_SCORING_TOKEN_IDENTITY	TRUE
PF4C-FINAL-026	GRM5	BULK_FORMAL_SCORING_TOKEN_IDENTITY	TRUE
PF4C-FINAL-026	NOS1	BULK_FORMAL_SCORING_TOKEN_IDENTITY	TRUE
PF4C-FINAL-026	PDE1A	BULK_FORMAL_SCORING_TOKEN_IDENTITY	TRUE
PF4C-FINAL-026	PDE1B	BULK_FORMAL_SCORING_TOKEN_IDENTITY	TRUE
PF4C-FINAL-026	PRKCB	BULK_FORMAL_SCORING_TOKEN_IDENTITY	TRUE
PF4C-FINAL-026	RYR2	BULK_FORMAL_SCORING_TOKEN_IDENTITY	TRUE
PF4C-FINAL-026	SLC8A2	BULK_FORMAL_SCORING_TOKEN_IDENTITY	TRUE
PF4C-FINAL-028	ABCC3	BULK_FORMAL_SCORING_TOKEN_IDENTITY	TRUE
PF4C-FINAL-028	BST1	BULK_FORMAL_SCORING_TOKEN_IDENTITY	TRUE
PF4C-FINAL-028	PTX3	BULK_FORMAL_SCORING_TOKEN_IDENTITY	TRUE
PF4C-FINAL-028	SPP1	BULK_FORMAL_SCORING_TOKEN_IDENTITY	TRUE
PF4C-FINAL-029	SOCS3	BULK_FORMAL_SCORING_TOKEN_IDENTITY	TRUE
PF4C-FINAL-029	SPP1	BULK_FORMAL_SCORING_TOKEN_IDENTITY	TRUE
PF4C-FINAL-029	TGFB2	BULK_FORMAL_SCORING_TOKEN_IDENTITY	TRUE
PF4C-FINAL-029	VEGFA	BULK_FORMAL_SCORING_TOKEN_IDENTITY	TRUE
PF4C-FINAL-032	CPEB3	BULK_FORMAL_SCORING_TOKEN_IDENTITY	TRUE
PF4C-FINAL-032	CSDC2	BULK_FORMAL_SCORING_TOKEN_IDENTITY	TRUE
PF4C-FINAL-032	DHX15	BULK_FORMAL_SCORING_TOKEN_IDENTITY	TRUE
PF4C-FINAL-032	DICER1	BULK_FORMAL_SCORING_TOKEN_IDENTITY	TRUE
PF4C-FINAL-032	DYRK1A	BULK_FORMAL_SCORING_TOKEN_IDENTITY	TRUE
PF4C-FINAL-032	ECD	BULK_FORMAL_SCORING_TOKEN_IDENTITY	TRUE
PF4C-FINAL-032	HNRNPH2	BULK_FORMAL_SCORING_TOKEN_IDENTITY	TRUE
PF4C-FINAL-032	INTS6	BULK_FORMAL_SCORING_TOKEN_IDENTITY	TRUE
PF4C-FINAL-032	KDM1A	BULK_FORMAL_SCORING_TOKEN_IDENTITY	TRUE
PF4C-FINAL-032	METTL6	BULK_FORMAL_SCORING_TOKEN_IDENTITY	TRUE
PF4C-FINAL-032	MYOD1	BULK_FORMAL_SCORING_TOKEN_IDENTITY	TRUE
PF4C-FINAL-032	NSUN6	BULK_FORMAL_SCORING_TOKEN_IDENTITY	TRUE
PF4C-FINAL-032	PQBP1	BULK_FORMAL_SCORING_TOKEN_IDENTITY	TRUE
PF4C-FINAL-032	RCL1	BULK_FORMAL_SCORING_TOKEN_IDENTITY	TRUE
PF4C-FINAL-032	TRMT11	BULK_FORMAL_SCORING_TOKEN_IDENTITY	TRUE
PF4C-FINAL-032	TRMT2B	BULK_FORMAL_SCORING_TOKEN_IDENTITY	TRUE
PF4C-FINAL-032	TSLIG2	BULK_FORMAL_SCORING_TOKEN_IDENTITY	TRUE
PF4C-FINAL-032	TYW1	BULK_FORMAL_SCORING_TOKEN_IDENTITY	TRUE
PF4C-FINAL-032	ZFP36L1	BULK_FORMAL_SCORING_TOKEN_IDENTITY	TRUE
PF4C-FINAL-036	CLU	BULK_FORMAL_SCORING_TOKEN_IDENTITY	TRUE
PF4C-FINAL-036	CNN3	BULK_FORMAL_SCORING_TOKEN_IDENTITY	TRUE
PF4C-FINAL-036	ETV1	BULK_FORMAL_SCORING_TOKEN_IDENTITY	TRUE
PF4C-FINAL-036	GFAP	BULK_FORMAL_SCORING_TOKEN_IDENTITY	TRUE
PF4C-FINAL-036	GPM6A	BULK_FORMAL_SCORING_TOKEN_IDENTITY	TRUE
PF4C-FINAL-036	PTN	BULK_FORMAL_SCORING_TOKEN_IDENTITY	TRUE
PF4C-FINAL-036	PTPRZ1	BULK_FORMAL_SCORING_TOKEN_IDENTITY	TRUE
PF4C-FINAL-036	SCG3	BULK_FORMAL_SCORING_TOKEN_IDENTITY	TRUE
PF4C-FINAL-036	SCRG1	BULK_FORMAL_SCORING_TOKEN_IDENTITY	TRUE
PF4C-FINAL-036	SERPINE2	BULK_FORMAL_SCORING_TOKEN_IDENTITY	TRUE
PF4C-FINAL-036	SOX2	BULK_FORMAL_SCORING_TOKEN_IDENTITY	TRUE
PF4C-FINAL-036	SPARCL1	BULK_FORMAL_SCORING_TOKEN_IDENTITY	TRUE
PF4C-FINAL-037	ANXA2	BULK_FORMAL_SCORING_TOKEN_IDENTITY	TRUE
PF4C-FINAL-037	CDC73	BULK_FORMAL_SCORING_TOKEN_IDENTITY	TRUE
PF4C-FINAL-037	FEN1	BULK_FORMAL_SCORING_TOKEN_IDENTITY	TRUE
PF4C-FINAL-037	GANAB	BULK_FORMAL_SCORING_TOKEN_IDENTITY	TRUE
PF4C-FINAL-037	HNRNPA0	BULK_FORMAL_SCORING_TOKEN_IDENTITY	TRUE
PF4C-FINAL-037	IGF2BP3	BULK_FORMAL_SCORING_TOKEN_IDENTITY	TRUE
PF4C-FINAL-037	LCK	BULK_FORMAL_SCORING_TOKEN_IDENTITY	TRUE
PF4C-FINAL-037	PPP1R1B	BULK_FORMAL_SCORING_TOKEN_IDENTITY	TRUE
PF4C-FINAL-037	RMI2	BULK_FORMAL_SCORING_TOKEN_IDENTITY	TRUE
PF4C-FINAL-037	ZGPAT	BULK_FORMAL_SCORING_TOKEN_IDENTITY	TRUE
PF4C-FINAL-039	AURKB	BULK_FORMAL_SCORING_TOKEN_IDENTITY	TRUE
PF4C-FINAL-039	CDK4	BULK_FORMAL_SCORING_TOKEN_IDENTITY	TRUE
PF4C-FINAL-039	KCNN4	BULK_FORMAL_SCORING_TOKEN_IDENTITY	TRUE
PF4C-FINAL-039	MKX	BULK_FORMAL_SCORING_TOKEN_IDENTITY	TRUE
PF4C-FINAL-039	NBPF8	BULK_FORMAL_SCORING_TOKEN_IDENTITY	TRUE
PF4C-FINAL-039	NOG	BULK_FORMAL_SCORING_TOKEN_IDENTITY	TRUE
PF4C-FINAL-039	P2RY6	BULK_FORMAL_SCORING_TOKEN_IDENTITY	TRUE
PF4C-FINAL-039	RARRES1	BULK_FORMAL_SCORING_TOKEN_IDENTITY	TRUE
PF4C-FINAL-039	SLC25A43	BULK_FORMAL_SCORING_TOKEN_IDENTITY	TRUE
PF4C-FINAL-039	STEAP1	BULK_FORMAL_SCORING_TOKEN_IDENTITY	TRUE
PF4C-FINAL-039	TSKU	BULK_FORMAL_SCORING_TOKEN_IDENTITY	TRUE
PF4C-FINAL-041	CLEC5A	BULK_FORMAL_SCORING_TOKEN_IDENTITY	TRUE
PF4C-FINAL-041	LDHA	BULK_FORMAL_SCORING_TOKEN_IDENTITY	TRUE
PF4C-FINAL-041	MAPK8	BULK_FORMAL_SCORING_TOKEN_IDENTITY	TRUE
PF4C-FINAL-041	PLCB1	BULK_FORMAL_SCORING_TOKEN_IDENTITY	TRUE
PF4C-FINAL-041	TMBIM1	BULK_FORMAL_SCORING_TOKEN_IDENTITY	TRUE
PF4C-FINAL-041	TNFAIP6	BULK_FORMAL_SCORING_TOKEN_IDENTITY	TRUE
PF4C-FINAL-042	CORO1A	BULK_FORMAL_SCORING_TOKEN_IDENTITY	TRUE
PF4C-FINAL-042	FASN	BULK_FORMAL_SCORING_TOKEN_IDENTITY	TRUE
PF4C-FINAL-042	HSPA5	BULK_FORMAL_SCORING_TOKEN_IDENTITY	TRUE
PF4C-FINAL-042	IL2RG	BULK_FORMAL_SCORING_TOKEN_IDENTITY	TRUE
PF4C-FINAL-042	LEF1	BULK_FORMAL_SCORING_TOKEN_IDENTITY	TRUE
PF4C-FINAL-042	MCM2	BULK_FORMAL_SCORING_TOKEN_IDENTITY	TRUE
PF4C-FINAL-042	NFIL3	BULK_FORMAL_SCORING_TOKEN_IDENTITY	TRUE
PF4C-FINAL-042	PML	BULK_FORMAL_SCORING_TOKEN_IDENTITY	TRUE
PF4C-FINAL-042	RPL3	BULK_FORMAL_SCORING_TOKEN_IDENTITY	TRUE
PF4C-FINAL-042	TUBA1B	BULK_FORMAL_SCORING_TOKEN_IDENTITY	TRUE
PF4C-FINAL-043	BSCL2	BULK_FORMAL_SCORING_TOKEN_IDENTITY	TRUE
PF4C-FINAL-043	CCL2	BULK_FORMAL_SCORING_TOKEN_IDENTITY	TRUE
PF4C-FINAL-043	CLEC5A	BULK_FORMAL_SCORING_TOKEN_IDENTITY	TRUE
PF4C-FINAL-043	GPRASP1	BULK_FORMAL_SCORING_TOKEN_IDENTITY	TRUE
PF4C-FINAL-043	HOXA5	BULK_FORMAL_SCORING_TOKEN_IDENTITY	TRUE
PF4C-FINAL-043	HOXC6	BULK_FORMAL_SCORING_TOKEN_IDENTITY	TRUE
PF4C-FINAL-043	PTX3	BULK_FORMAL_SCORING_TOKEN_IDENTITY	TRUE
PF4C-FINAL-044	DHTKD1	BULK_FORMAL_SCORING_TOKEN_IDENTITY	TRUE
PF4C-FINAL-044	GLUD1	BULK_FORMAL_SCORING_TOKEN_IDENTITY	TRUE
PF4C-FINAL-044	OGDH	BULK_FORMAL_SCORING_TOKEN_IDENTITY	TRUE
PF4C-FINAL-044	PSMB8	BULK_FORMAL_SCORING_TOKEN_IDENTITY	TRUE
PF4C-FINAL-044	PSMB9	BULK_FORMAL_SCORING_TOKEN_IDENTITY	TRUE
PF4C-FINAL-044	PSMC1	BULK_FORMAL_SCORING_TOKEN_IDENTITY	TRUE
PF4C-FINAL-044	PSMC5	BULK_FORMAL_SCORING_TOKEN_IDENTITY	TRUE
PF4C-FINAL-044	PSMD12	BULK_FORMAL_SCORING_TOKEN_IDENTITY	TRUE
PF4C-FINAL-044	PSMD3	BULK_FORMAL_SCORING_TOKEN_IDENTITY	TRUE
PF4C-FINAL-044	PSMD5	BULK_FORMAL_SCORING_TOKEN_IDENTITY	TRUE
PF4C-FINAL-044	PSMD6	BULK_FORMAL_SCORING_TOKEN_IDENTITY	TRUE
PF4C-FINAL-044	PSMF1	BULK_FORMAL_SCORING_TOKEN_IDENTITY	TRUE
PF4C-FINAL-045	ACACA	BULK_FORMAL_SCORING_TOKEN_IDENTITY	TRUE
PF4C-FINAL-045	ACSL1	BULK_FORMAL_SCORING_TOKEN_IDENTITY	TRUE
PF4C-FINAL-045	ACSL6	BULK_FORMAL_SCORING_TOKEN_IDENTITY	TRUE
PF4C-FINAL-045	AKR1C3	BULK_FORMAL_SCORING_TOKEN_IDENTITY	TRUE
PF4C-FINAL-045	ANO6	BULK_FORMAL_SCORING_TOKEN_IDENTITY	TRUE
PF4C-FINAL-045	AURKA	BULK_FORMAL_SCORING_TOKEN_IDENTITY	TRUE
PF4C-FINAL-045	BAP1	BULK_FORMAL_SCORING_TOKEN_IDENTITY	TRUE
PF4C-FINAL-045	CDKN1A	BULK_FORMAL_SCORING_TOKEN_IDENTITY	TRUE
PF4C-FINAL-045	CISD1	BULK_FORMAL_SCORING_TOKEN_IDENTITY	TRUE
PF4C-FINAL-045	CP	BULK_FORMAL_SCORING_TOKEN_IDENTITY	TRUE
PF4C-FINAL-045	CYBB	BULK_FORMAL_SCORING_TOKEN_IDENTITY	TRUE
PF4C-FINAL-045	G3BP1	BULK_FORMAL_SCORING_TOKEN_IDENTITY	TRUE
PF4C-FINAL-045	G6PD	BULK_FORMAL_SCORING_TOKEN_IDENTITY	TRUE
PF4C-FINAL-045	GLS2	BULK_FORMAL_SCORING_TOKEN_IDENTITY	TRUE
PF4C-FINAL-045	HMOX1	BULK_FORMAL_SCORING_TOKEN_IDENTITY	TRUE
PF4C-FINAL-045	HSPB1	BULK_FORMAL_SCORING_TOKEN_IDENTITY	TRUE
PF4C-FINAL-045	LOX	BULK_FORMAL_SCORING_TOKEN_IDENTITY	TRUE
PF4C-FINAL-045	MAP3K5	BULK_FORMAL_SCORING_TOKEN_IDENTITY	TRUE
PF4C-FINAL-045	PCBP1	BULK_FORMAL_SCORING_TOKEN_IDENTITY	TRUE
PF4C-FINAL-045	PGD	BULK_FORMAL_SCORING_TOKEN_IDENTITY	TRUE
PF4C-FINAL-045	PRNP	BULK_FORMAL_SCORING_TOKEN_IDENTITY	TRUE
PF4C-FINAL-045	RB1	BULK_FORMAL_SCORING_TOKEN_IDENTITY	TRUE
PF4C-FINAL-045	STEAP3	BULK_FORMAL_SCORING_TOKEN_IDENTITY	TRUE
PF4C-FINAL-045	TF	BULK_FORMAL_SCORING_TOKEN_IDENTITY	TRUE
PF4C-FINAL-045	TP53	BULK_FORMAL_SCORING_TOKEN_IDENTITY	TRUE
PF4C-FINAL-046	ACTB	BULK_FORMAL_SCORING_TOKEN_IDENTITY	TRUE
PF4C-FINAL-046	CLNS1A	BULK_FORMAL_SCORING_TOKEN_IDENTITY	TRUE
PF4C-FINAL-046	DYDC1	BULK_FORMAL_SCORING_TOKEN_IDENTITY	TRUE
PF4C-FINAL-046	EED	BULK_FORMAL_SCORING_TOKEN_IDENTITY	TRUE
PF4C-FINAL-046	EZH2	BULK_FORMAL_SCORING_TOKEN_IDENTITY	TRUE
PF4C-FINAL-046	MACROH2A2	BULK_FORMAL_SCORING_TOKEN_IDENTITY	TRUE
PF4C-FINAL-046	MEN1	BULK_FORMAL_SCORING_TOKEN_IDENTITY	TRUE
PF4C-FINAL-046	METTL1	BULK_FORMAL_SCORING_TOKEN_IDENTITY	TRUE
PF4C-FINAL-046	PHF1	BULK_FORMAL_SCORING_TOKEN_IDENTITY	TRUE
PF4C-FINAL-046	PPP1CA	BULK_FORMAL_SCORING_TOKEN_IDENTITY	TRUE
PF4C-FINAL-046	SIRT1	BULK_FORMAL_SCORING_TOKEN_IDENTITY	TRUE
PF4C-FINAL-046	SUZ12	BULK_FORMAL_SCORING_TOKEN_IDENTITY	TRUE
PF4C-FINAL-049	ABCD1	BULK_FORMAL_SCORING_TOKEN_IDENTITY	TRUE
PF4C-FINAL-049	ACADSB	BULK_FORMAL_SCORING_TOKEN_IDENTITY	TRUE
PF4C-FINAL-049	CEL	BULK_FORMAL_SCORING_TOKEN_IDENTITY	TRUE
PF4C-FINAL-049	CPT2	BULK_FORMAL_SCORING_TOKEN_IDENTITY	TRUE
PF4C-FINAL-049	GCDH	BULK_FORMAL_SCORING_TOKEN_IDENTITY	TRUE
PF4C-FINAL-049	NUDT19	BULK_FORMAL_SCORING_TOKEN_IDENTITY	TRUE
PF4C-FINAL-049	PCCA	BULK_FORMAL_SCORING_TOKEN_IDENTITY	TRUE
PF4C-FINAL-049	PEX13	BULK_FORMAL_SCORING_TOKEN_IDENTITY	TRUE
PF4C-FINAL-050	BIRC5	BULK_FORMAL_SCORING_TOKEN_IDENTITY	TRUE
PF4C-FINAL-050	FAM125B	BULK_FORMAL_SCORING_TOKEN_IDENTITY	TRUE
PF4C-FINAL-050	HDAC4	BULK_FORMAL_SCORING_TOKEN_IDENTITY	TRUE
PF4C-FINAL-050	MT1E	BULK_FORMAL_SCORING_TOKEN_IDENTITY	TRUE
PF4C-FINAL-050	RAB1A	BULK_FORMAL_SCORING_TOKEN_IDENTITY	TRUE
PF4C-FINAL-050	SFXN4	BULK_FORMAL_SCORING_TOKEN_IDENTITY	TRUE
PF4C-FINAL-050	TEAD2	BULK_FORMAL_SCORING_TOKEN_IDENTITY	TRUE
PF4C-FINAL-050	TPX2	BULK_FORMAL_SCORING_TOKEN_IDENTITY	TRUE
PF4C-FINAL-050	TUBA1B	BULK_FORMAL_SCORING_TOKEN_IDENTITY	TRUE
PF4C-FINAL-051	ACN9	BULK_FORMAL_SCORING_TOKEN_IDENTITY	TRUE
PF4C-FINAL-051	AFTPH	BULK_FORMAL_SCORING_TOKEN_IDENTITY	TRUE
PF4C-FINAL-051	ALS2CR4	BULK_FORMAL_SCORING_TOKEN_IDENTITY	TRUE
PF4C-FINAL-051	AMIGO2	BULK_FORMAL_SCORING_TOKEN_IDENTITY	TRUE
PF4C-FINAL-051	ANGPTL1	BULK_FORMAL_SCORING_TOKEN_IDENTITY	TRUE
PF4C-FINAL-051	ARHGAP32	BULK_FORMAL_SCORING_TOKEN_IDENTITY	TRUE
PF4C-FINAL-051	ARHGAP39	BULK_FORMAL_SCORING_TOKEN_IDENTITY	TRUE
PF4C-FINAL-051	ASF1A	BULK_FORMAL_SCORING_TOKEN_IDENTITY	TRUE
PF4C-FINAL-051	C10ORF88	BULK_FORMAL_SCORING_TOKEN_IDENTITY	TRUE
PF4C-FINAL-051	C11ORF71	BULK_FORMAL_SCORING_TOKEN_IDENTITY	TRUE
PF4C-FINAL-051	CASP8	BULK_FORMAL_SCORING_TOKEN_IDENTITY	TRUE
PF4C-FINAL-051	EFNB2	BULK_FORMAL_SCORING_TOKEN_IDENTITY	TRUE
PF4C-FINAL-051	GPNMB	BULK_FORMAL_SCORING_TOKEN_IDENTITY	TRUE
PF4C-FINAL-051	IL13RA2	BULK_FORMAL_SCORING_TOKEN_IDENTITY	TRUE
PF4C-FINAL-051	ITGA7	BULK_FORMAL_SCORING_TOKEN_IDENTITY	TRUE
PF4C-FINAL-051	LDHA	BULK_FORMAL_SCORING_TOKEN_IDENTITY	TRUE
PF4C-FINAL-051	LMAN2L	BULK_FORMAL_SCORING_TOKEN_IDENTITY	TRUE
PF4C-FINAL-051	LOC283027	BULK_FORMAL_SCORING_TOKEN_IDENTITY	TRUE
PF4C-FINAL-051	LOXL3	BULK_FORMAL_SCORING_TOKEN_IDENTITY	TRUE
PF4C-FINAL-051	MED29	BULK_FORMAL_SCORING_TOKEN_IDENTITY	TRUE
PF4C-FINAL-051	MRRF	BULK_FORMAL_SCORING_TOKEN_IDENTITY	TRUE
PF4C-FINAL-051	RPL12	BULK_FORMAL_SCORING_TOKEN_IDENTITY	TRUE
PF4C-FINAL-051	SLC25A19	BULK_FORMAL_SCORING_TOKEN_IDENTITY	TRUE
PF4C-FINAL-051	ST6GAL2	BULK_FORMAL_SCORING_TOKEN_IDENTITY	TRUE
PF4C-FINAL-051	TBC1D19	BULK_FORMAL_SCORING_TOKEN_IDENTITY	TRUE
PF4C-FINAL-052	AFTPH	BULK_FORMAL_SCORING_TOKEN_IDENTITY	TRUE
PF4C-FINAL-052	ASF1A	BULK_FORMAL_SCORING_TOKEN_IDENTITY	TRUE
PF4C-FINAL-052	ITGA7	BULK_FORMAL_SCORING_TOKEN_IDENTITY	TRUE
PF4C-FINAL-053	AGTPBP1	BULK_FORMAL_SCORING_TOKEN_IDENTITY	TRUE
PF4C-FINAL-053	ALCAM	BULK_FORMAL_SCORING_TOKEN_IDENTITY	TRUE
PF4C-FINAL-053	ALKBH4	BULK_FORMAL_SCORING_TOKEN_IDENTITY	TRUE
PF4C-FINAL-053	AMIGO2	BULK_FORMAL_SCORING_TOKEN_IDENTITY	TRUE
PF4C-FINAL-053	AMOT	BULK_FORMAL_SCORING_TOKEN_IDENTITY	TRUE
PF4C-FINAL-053	AP4M1	BULK_FORMAL_SCORING_TOKEN_IDENTITY	TRUE
PF4C-FINAL-053	ARNTL	BULK_FORMAL_SCORING_TOKEN_IDENTITY	TRUE
PF4C-FINAL-053	ATP1B1	BULK_FORMAL_SCORING_TOKEN_IDENTITY	TRUE
PF4C-FINAL-053	BCAP29	BULK_FORMAL_SCORING_TOKEN_IDENTITY	TRUE
PF4C-FINAL-053	BRF2	BULK_FORMAL_SCORING_TOKEN_IDENTITY	TRUE
PF4C-FINAL-053	C13ORF18	BULK_FORMAL_SCORING_TOKEN_IDENTITY	TRUE
PF4C-FINAL-053	C1ORF176	BULK_FORMAL_SCORING_TOKEN_IDENTITY	TRUE
PF4C-FINAL-053	C7ORF26	BULK_FORMAL_SCORING_TOKEN_IDENTITY	TRUE
PF4C-FINAL-053	C8ORF44	BULK_FORMAL_SCORING_TOKEN_IDENTITY	TRUE
PF4C-FINAL-053	C9ORF53	BULK_FORMAL_SCORING_TOKEN_IDENTITY	TRUE
PF4C-FINAL-053	CDC42EP2	BULK_FORMAL_SCORING_TOKEN_IDENTITY	TRUE
PF4C-FINAL-053	CHD3	BULK_FORMAL_SCORING_TOKEN_IDENTITY	TRUE
PF4C-FINAL-053	CST4	BULK_FORMAL_SCORING_TOKEN_IDENTITY	TRUE
PF4C-FINAL-053	EFNA5	BULK_FORMAL_SCORING_TOKEN_IDENTITY	TRUE
PF4C-FINAL-053	FBXO7	BULK_FORMAL_SCORING_TOKEN_IDENTITY	TRUE
PF4C-FINAL-053	FKRP	BULK_FORMAL_SCORING_TOKEN_IDENTITY	TRUE
PF4C-FINAL-053	FLJ21963	BULK_FORMAL_SCORING_TOKEN_IDENTITY	TRUE
PF4C-FINAL-053	FOXO4	BULK_FORMAL_SCORING_TOKEN_IDENTITY	TRUE
PF4C-FINAL-053	FXYD5	BULK_FORMAL_SCORING_TOKEN_IDENTITY	TRUE
PF4C-FINAL-053	FZD7	BULK_FORMAL_SCORING_TOKEN_IDENTITY	TRUE
PF4C-FINAL-053	GTF2A1	BULK_FORMAL_SCORING_TOKEN_IDENTITY	TRUE
PF4C-FINAL-053	HUS1	BULK_FORMAL_SCORING_TOKEN_IDENTITY	TRUE
PF4C-FINAL-053	ITPKC	BULK_FORMAL_SCORING_TOKEN_IDENTITY	TRUE
PF4C-FINAL-053	KCNE4	BULK_FORMAL_SCORING_TOKEN_IDENTITY	TRUE
PF4C-FINAL-053	KCNF1	BULK_FORMAL_SCORING_TOKEN_IDENTITY	TRUE
PF4C-FINAL-053	LAMB4	BULK_FORMAL_SCORING_TOKEN_IDENTITY	TRUE
PF4C-FINAL-053	LFNG	BULK_FORMAL_SCORING_TOKEN_IDENTITY	TRUE
PF4C-FINAL-053	LHX6	BULK_FORMAL_SCORING_TOKEN_IDENTITY	TRUE
PF4C-FINAL-053	LZTS1	BULK_FORMAL_SCORING_TOKEN_IDENTITY	TRUE
PF4C-FINAL-053	MEOX2	BULK_FORMAL_SCORING_TOKEN_IDENTITY	TRUE
PF4C-FINAL-053	MGST3	BULK_FORMAL_SCORING_TOKEN_IDENTITY	TRUE
PF4C-FINAL-053	MNX1	BULK_FORMAL_SCORING_TOKEN_IDENTITY	TRUE
PF4C-FINAL-053	MYO1D	BULK_FORMAL_SCORING_TOKEN_IDENTITY	TRUE
PF4C-FINAL-053	NANS	BULK_FORMAL_SCORING_TOKEN_IDENTITY	TRUE
PF4C-FINAL-053	NPAS3	BULK_FORMAL_SCORING_TOKEN_IDENTITY	TRUE
PF4C-FINAL-053	PCDHGC3	BULK_FORMAL_SCORING_TOKEN_IDENTITY	TRUE
PF4C-FINAL-053	PDE4B	BULK_FORMAL_SCORING_TOKEN_IDENTITY	TRUE
PF4C-FINAL-053	PDLIM1	BULK_FORMAL_SCORING_TOKEN_IDENTITY	TRUE
PF4C-FINAL-053	PLEKHA4	BULK_FORMAL_SCORING_TOKEN_IDENTITY	TRUE
PF4C-FINAL-053	PTPRK	BULK_FORMAL_SCORING_TOKEN_IDENTITY	TRUE
PF4C-FINAL-053	RGS6	BULK_FORMAL_SCORING_TOKEN_IDENTITY	TRUE
PF4C-FINAL-053	RORA	BULK_FORMAL_SCORING_TOKEN_IDENTITY	TRUE
PF4C-FINAL-053	RPS6KA5	BULK_FORMAL_SCORING_TOKEN_IDENTITY	TRUE
PF4C-FINAL-053	SEMA6D	BULK_FORMAL_SCORING_TOKEN_IDENTITY	TRUE
PF4C-FINAL-053	SIGLEC9	BULK_FORMAL_SCORING_TOKEN_IDENTITY	TRUE
PF4C-FINAL-053	SLC38A1	BULK_FORMAL_SCORING_TOKEN_IDENTITY	TRUE
PF4C-FINAL-053	SLC4A4	BULK_FORMAL_SCORING_TOKEN_IDENTITY	TRUE
PF4C-FINAL-053	SPATA6	BULK_FORMAL_SCORING_TOKEN_IDENTITY	TRUE
PF4C-FINAL-053	STK17A	BULK_FORMAL_SCORING_TOKEN_IDENTITY	TRUE
PF4C-FINAL-053	TMC6	BULK_FORMAL_SCORING_TOKEN_IDENTITY	TRUE
PF4C-FINAL-053	TNFAIP6	BULK_FORMAL_SCORING_TOKEN_IDENTITY	TRUE
PF4C-FINAL-053	TPBG	BULK_FORMAL_SCORING_TOKEN_IDENTITY	TRUE
PF4C-FINAL-053	VRK3	BULK_FORMAL_SCORING_TOKEN_IDENTITY	TRUE
PF4C-FINAL-053	ZNF492	BULK_FORMAL_SCORING_TOKEN_IDENTITY	TRUE
PF4C-FINAL-053	ZNF576	BULK_FORMAL_SCORING_TOKEN_IDENTITY	TRUE
PF4C-FINAL-053	ZNF593	BULK_FORMAL_SCORING_TOKEN_IDENTITY	TRUE
PF4C-FINAL-054	ARNTL	BULK_FORMAL_SCORING_TOKEN_IDENTITY	TRUE
PF4C-FINAL-054	BRF2	BULK_FORMAL_SCORING_TOKEN_IDENTITY	TRUE
PF4C-FINAL-054	CHD3	BULK_FORMAL_SCORING_TOKEN_IDENTITY	TRUE
PF4C-FINAL-054	FOXO4	BULK_FORMAL_SCORING_TOKEN_IDENTITY	TRUE
PF4C-FINAL-054	GTF2A1	BULK_FORMAL_SCORING_TOKEN_IDENTITY	TRUE
PF4C-FINAL-054	LHX6	BULK_FORMAL_SCORING_TOKEN_IDENTITY	TRUE
PF4C-FINAL-054	LZTS1	BULK_FORMAL_SCORING_TOKEN_IDENTITY	TRUE
PF4C-FINAL-054	MEOX2	BULK_FORMAL_SCORING_TOKEN_IDENTITY	TRUE
PF4C-FINAL-054	MNX1	BULK_FORMAL_SCORING_TOKEN_IDENTITY	TRUE
PF4C-FINAL-054	NPAS3	BULK_FORMAL_SCORING_TOKEN_IDENTITY	TRUE
PF4C-FINAL-054	PDLIM1	BULK_FORMAL_SCORING_TOKEN_IDENTITY	TRUE
PF4C-FINAL-054	PTPRK	BULK_FORMAL_SCORING_TOKEN_IDENTITY	TRUE
PF4C-FINAL-054	RORA	BULK_FORMAL_SCORING_TOKEN_IDENTITY	TRUE
PF4C-FINAL-054	RPS6KA5	BULK_FORMAL_SCORING_TOKEN_IDENTITY	TRUE
PF4C-FINAL-054	ZNF492	BULK_FORMAL_SCORING_TOKEN_IDENTITY	TRUE
PF4C-FINAL-054	ZNF576	BULK_FORMAL_SCORING_TOKEN_IDENTITY	TRUE
PF4C-FINAL-054	ZNF593	BULK_FORMAL_SCORING_TOKEN_IDENTITY	TRUE
PF4C-FINAL-055	ALCAM	BULK_FORMAL_SCORING_TOKEN_IDENTITY	TRUE
PF4C-FINAL-055	AMIGO2	BULK_FORMAL_SCORING_TOKEN_IDENTITY	TRUE
PF4C-FINAL-055	LAMB4	BULK_FORMAL_SCORING_TOKEN_IDENTITY	TRUE
PF4C-FINAL-055	PCDHGC3	BULK_FORMAL_SCORING_TOKEN_IDENTITY	TRUE
PF4C-FINAL-055	PTPRK	BULK_FORMAL_SCORING_TOKEN_IDENTITY	TRUE
PF4C-FINAL-055	SIGLEC9	BULK_FORMAL_SCORING_TOKEN_IDENTITY	TRUE
PF4C-FINAL-055	TNFAIP6	BULK_FORMAL_SCORING_TOKEN_IDENTITY	TRUE
PF4C-FINAL-055	TPBG	BULK_FORMAL_SCORING_TOKEN_IDENTITY	TRUE
PF4C-FINAL-056	ALCAM	BULK_FORMAL_SCORING_TOKEN_IDENTITY	TRUE
PF4C-FINAL-056	CST4	BULK_FORMAL_SCORING_TOKEN_IDENTITY	TRUE
PF4C-FINAL-056	KCNF1	BULK_FORMAL_SCORING_TOKEN_IDENTITY	TRUE
PF4C-FINAL-056	LHX6	BULK_FORMAL_SCORING_TOKEN_IDENTITY	TRUE
PF4C-FINAL-056	SPATA6	BULK_FORMAL_SCORING_TOKEN_IDENTITY	TRUE
PF4C-FINAL-057	CD40	BULK_FORMAL_SCORING_TOKEN_IDENTITY	TRUE
PF4C-FINAL-057	CD40LG	BULK_FORMAL_SCORING_TOKEN_IDENTITY	TRUE
PF4C-FINAL-057	NGFR	BULK_FORMAL_SCORING_TOKEN_IDENTITY	TRUE
PF4C-FINAL-057	TNFRSF10A	BULK_FORMAL_SCORING_TOKEN_IDENTITY	TRUE
PF4C-FINAL-057	TNFRSF10B	BULK_FORMAL_SCORING_TOKEN_IDENTITY	TRUE
PF4C-FINAL-057	TNFRSF11A	BULK_FORMAL_SCORING_TOKEN_IDENTITY	TRUE
PF4C-FINAL-057	TNFRSF11B	BULK_FORMAL_SCORING_TOKEN_IDENTITY	TRUE
PF4C-FINAL-057	TNFRSF12A	BULK_FORMAL_SCORING_TOKEN_IDENTITY	TRUE
PF4C-FINAL-057	TNFRSF14	BULK_FORMAL_SCORING_TOKEN_IDENTITY	TRUE
PF4C-FINAL-057	TNFRSF19	BULK_FORMAL_SCORING_TOKEN_IDENTITY	TRUE
PF4C-FINAL-057	TNFRSF1A	BULK_FORMAL_SCORING_TOKEN_IDENTITY	TRUE
PF4C-FINAL-057	TNFSF13	BULK_FORMAL_SCORING_TOKEN_IDENTITY	TRUE
PF4C-FINAL-057	TNFSF14	BULK_FORMAL_SCORING_TOKEN_IDENTITY	TRUE
PF4C-FINAL-057	TNFSF4	BULK_FORMAL_SCORING_TOKEN_IDENTITY	TRUE
PF4C-FINAL-058	CD38	BULK_FORMAL_SCORING_TOKEN_IDENTITY	TRUE
PF4C-FINAL-058	NADK	BULK_FORMAL_SCORING_TOKEN_IDENTITY	TRUE
PF4C-FINAL-058	NAPRT	BULK_FORMAL_SCORING_TOKEN_IDENTITY	TRUE
PF4C-FINAL-058	NMNAT3	BULK_FORMAL_SCORING_TOKEN_IDENTITY	TRUE
PF4C-FINAL-058	PARP6	BULK_FORMAL_SCORING_TOKEN_IDENTITY	TRUE
PF4C-FINAL-058	PARP9	BULK_FORMAL_SCORING_TOKEN_IDENTITY	TRUE
PF4C-FINAL-060	BANK1	BULK_FORMAL_SCORING_TOKEN_IDENTITY	TRUE
PF4C-FINAL-060	CCL2	BULK_FORMAL_SCORING_TOKEN_IDENTITY	TRUE
PF4C-FINAL-060	CD79B	BULK_FORMAL_SCORING_TOKEN_IDENTITY	TRUE
PF4C-FINAL-060	CKAP4	BULK_FORMAL_SCORING_TOKEN_IDENTITY	TRUE
PF4C-FINAL-060	CXCL1	BULK_FORMAL_SCORING_TOKEN_IDENTITY	TRUE
PF4C-FINAL-060	CXCL6	BULK_FORMAL_SCORING_TOKEN_IDENTITY	TRUE
PF4C-FINAL-060	DRAM1	BULK_FORMAL_SCORING_TOKEN_IDENTITY	TRUE
PF4C-FINAL-060	DUSP5	BULK_FORMAL_SCORING_TOKEN_IDENTITY	TRUE
PF4C-FINAL-060	LITAF	BULK_FORMAL_SCORING_TOKEN_IDENTITY	TRUE
PF4C-FINAL-060	MTHFD2	BULK_FORMAL_SCORING_TOKEN_IDENTITY	TRUE
PF4C-FINAL-060	OGFR	BULK_FORMAL_SCORING_TOKEN_IDENTITY	TRUE
PF4C-FINAL-060	SPON2	BULK_FORMAL_SCORING_TOKEN_IDENTITY	TRUE
PF4C-FINAL-061	GYS1	BULK_FORMAL_SCORING_TOKEN_IDENTITY	TRUE
PF4C-FINAL-061	LRPPRC	BULK_FORMAL_SCORING_TOKEN_IDENTITY	TRUE
PF4C-FINAL-061	RPN1	BULK_FORMAL_SCORING_TOKEN_IDENTITY	TRUE
PF4C-FINAL-062	AKAP6	BULK_FORMAL_SCORING_TOKEN_IDENTITY	TRUE
PF4C-FINAL-062	CAPG	BULK_FORMAL_SCORING_TOKEN_IDENTITY	TRUE
PF4C-FINAL-062	CHN1	BULK_FORMAL_SCORING_TOKEN_IDENTITY	TRUE
PF4C-FINAL-062	DAB2	BULK_FORMAL_SCORING_TOKEN_IDENTITY	TRUE
PF4C-FINAL-062	GPRASP1	BULK_FORMAL_SCORING_TOKEN_IDENTITY	TRUE
PF4C-FINAL-062	LSAMP	BULK_FORMAL_SCORING_TOKEN_IDENTITY	TRUE
PF4C-FINAL-062	NDN	BULK_FORMAL_SCORING_TOKEN_IDENTITY	TRUE
PF4C-FINAL-062	NNAT	BULK_FORMAL_SCORING_TOKEN_IDENTITY	TRUE
PF4C-FINAL-062	PPIC	BULK_FORMAL_SCORING_TOKEN_IDENTITY	TRUE
PF4C-FINAL-063	MUL1	BULK_FORMAL_SCORING_TOKEN_IDENTITY	TRUE
PF4C-FINAL-063	NPC1	BULK_FORMAL_SCORING_TOKEN_IDENTITY	TRUE
PF4C-FINAL-063	TRIM13	BULK_FORMAL_SCORING_TOKEN_IDENTITY	TRUE
PF4C-FINAL-065	ACADS	BULK_FORMAL_SCORING_TOKEN_IDENTITY	TRUE
PF4C-FINAL-065	ADSL	BULK_FORMAL_SCORING_TOKEN_IDENTITY	TRUE
PF4C-FINAL-065	BMP2	BULK_FORMAL_SCORING_TOKEN_IDENTITY	TRUE
PF4C-FINAL-065	ELANE	BULK_FORMAL_SCORING_TOKEN_IDENTITY	TRUE
PF4C-FINAL-065	MYD88	BULK_FORMAL_SCORING_TOKEN_IDENTITY	TRUE
PF4C-FINAL-065	SLC9A1	BULK_FORMAL_SCORING_TOKEN_IDENTITY	TRUE
PF4C-FINAL-065	SOAT2	BULK_FORMAL_SCORING_TOKEN_IDENTITY	TRUE
PF4C-FINAL-066	ANXA2	BULK_FORMAL_SCORING_TOKEN_IDENTITY	TRUE
PF4C-FINAL-066	ANXA5	BULK_FORMAL_SCORING_TOKEN_IDENTITY	TRUE
PF4C-FINAL-066	GPX8	BULK_FORMAL_SCORING_TOKEN_IDENTITY	TRUE
PF4C-FINAL-066	TM7SF2	BULK_FORMAL_SCORING_TOKEN_IDENTITY	TRUE
PF4C-FINAL-066	TNFRSF12A	BULK_FORMAL_SCORING_TOKEN_IDENTITY	TRUE
PF4C-FINAL-067	ALB	BULK_FORMAL_SCORING_TOKEN_IDENTITY	TRUE
PF4C-FINAL-067	AOC1	BULK_FORMAL_SCORING_TOKEN_IDENTITY	TRUE
PF4C-FINAL-067	AQP1	BULK_FORMAL_SCORING_TOKEN_IDENTITY	TRUE
PF4C-FINAL-067	CDK1	BULK_FORMAL_SCORING_TOKEN_IDENTITY	TRUE
PF4C-FINAL-067	HEPHL1	BULK_FORMAL_SCORING_TOKEN_IDENTITY	TRUE
PF4C-FINAL-067	IL1A	BULK_FORMAL_SCORING_TOKEN_IDENTITY	TRUE
PF4C-FINAL-067	LCAT	BULK_FORMAL_SCORING_TOKEN_IDENTITY	TRUE
PF4C-FINAL-067	LOX	BULK_FORMAL_SCORING_TOKEN_IDENTITY	TRUE
PF4C-FINAL-067	LOXL2	BULK_FORMAL_SCORING_TOKEN_IDENTITY	TRUE
PF4C-FINAL-067	LOXL3	BULK_FORMAL_SCORING_TOKEN_IDENTITY	TRUE
PF4C-FINAL-067	MOXD1	BULK_FORMAL_SCORING_TOKEN_IDENTITY	TRUE
PF4C-FINAL-067	MT-CO2	BULK_FORMAL_SCORING_TOKEN_IDENTITY	TRUE
PF4C-FINAL-067	MT1G	BULK_FORMAL_SCORING_TOKEN_IDENTITY	TRUE
PF4C-FINAL-067	MT1M	BULK_FORMAL_SCORING_TOKEN_IDENTITY	TRUE
PF4C-FINAL-067	MT1X	BULK_FORMAL_SCORING_TOKEN_IDENTITY	TRUE
PF4C-FINAL-067	SNCG	BULK_FORMAL_SCORING_TOKEN_IDENTITY	TRUE
PF4C-FINAL-067	STEAP3	BULK_FORMAL_SCORING_TOKEN_IDENTITY	TRUE
PF4C-FINAL-067	XAF1	BULK_FORMAL_SCORING_TOKEN_IDENTITY	TRUE
PF4C-FINAL-067	XIAP	BULK_FORMAL_SCORING_TOKEN_IDENTITY	TRUE
PF4C-FINAL-068	IFIT5	BULK_FORMAL_SCORING_TOKEN_IDENTITY	TRUE
PF4C-FINAL-068	ISG20	BULK_FORMAL_SCORING_TOKEN_IDENTITY	TRUE
PF4C-FINAL-068	PARP12	BULK_FORMAL_SCORING_TOKEN_IDENTITY	TRUE
PF4C-FINAL-069	PLK1	BULK_FORMAL_SCORING_TOKEN_IDENTITY	TRUE
PF4C-FINAL-069	PLK2	BULK_FORMAL_SCORING_TOKEN_IDENTITY	TRUE
PF4C-FINAL-069	PLK3	BULK_FORMAL_SCORING_TOKEN_IDENTITY	TRUE
PF4C-FINAL-069	PLK4	BULK_FORMAL_SCORING_TOKEN_IDENTITY	TRUE
PF4C-FINAL-069	PLK5	BULK_FORMAL_SCORING_TOKEN_IDENTITY	TRUE
PF4C-FINAL-070	AKR1C3	BULK_FORMAL_SCORING_TOKEN_IDENTITY	TRUE
PF4C-FINAL-070	CBLN1	BULK_FORMAL_SCORING_TOKEN_IDENTITY	TRUE
PF4C-FINAL-070	CLSTN2	BULK_FORMAL_SCORING_TOKEN_IDENTITY	TRUE
PF4C-FINAL-070	CYP27C1	BULK_FORMAL_SCORING_TOKEN_IDENTITY	TRUE
PF4C-FINAL-070	DDIT4	BULK_FORMAL_SCORING_TOKEN_IDENTITY	TRUE
PF4C-FINAL-070	DLK1	BULK_FORMAL_SCORING_TOKEN_IDENTITY	TRUE
PF4C-FINAL-070	EN1	BULK_FORMAL_SCORING_TOKEN_IDENTITY	TRUE
PF4C-FINAL-070	FZD9	BULK_FORMAL_SCORING_TOKEN_IDENTITY	TRUE
PF4C-FINAL-070	GBE1	BULK_FORMAL_SCORING_TOKEN_IDENTITY	TRUE
PF4C-FINAL-070	GIMAP2	BULK_FORMAL_SCORING_TOKEN_IDENTITY	TRUE
PF4C-FINAL-070	GNPDA2	BULK_FORMAL_SCORING_TOKEN_IDENTITY	TRUE
PF4C-FINAL-070	HSPA6	BULK_FORMAL_SCORING_TOKEN_IDENTITY	TRUE
PF4C-FINAL-070	LXN	BULK_FORMAL_SCORING_TOKEN_IDENTITY	TRUE
PF4C-FINAL-070	P4HA1	BULK_FORMAL_SCORING_TOKEN_IDENTITY	TRUE
PF4C-FINAL-070	PLCXD2	BULK_FORMAL_SCORING_TOKEN_IDENTITY	TRUE
PF4C-FINAL-070	RBM3	BULK_FORMAL_SCORING_TOKEN_IDENTITY	TRUE
PF4C-FINAL-070	S100A12	BULK_FORMAL_SCORING_TOKEN_IDENTITY	TRUE
PF4C-FINAL-070	TMEM130	BULK_FORMAL_SCORING_TOKEN_IDENTITY	TRUE
PF4C-FINAL-070	TMEM255A	BULK_FORMAL_SCORING_TOKEN_IDENTITY	TRUE
PF4C-FINAL-071	CASP4	BULK_FORMAL_SCORING_TOKEN_IDENTITY	TRUE
PF4C-FINAL-071	CASP5	BULK_FORMAL_SCORING_TOKEN_IDENTITY	TRUE
PF4C-FINAL-071	CASP8	BULK_FORMAL_SCORING_TOKEN_IDENTITY	TRUE
PF4C-FINAL-071	GSDMD	BULK_FORMAL_SCORING_TOKEN_IDENTITY	TRUE
PF4C-FINAL-071	NLRC4	BULK_FORMAL_SCORING_TOKEN_IDENTITY	TRUE
PF4C-FINAL-073	AURKA	BULK_FORMAL_SCORING_TOKEN_IDENTITY	TRUE
PF4C-FINAL-073	EIF2S1	BULK_FORMAL_SCORING_TOKEN_IDENTITY	TRUE
PF4C-FINAL-073	HSPA5	BULK_FORMAL_SCORING_TOKEN_IDENTITY	TRUE
PF4C-FINAL-073	ISCU	BULK_FORMAL_SCORING_TOKEN_IDENTITY	TRUE
PF4C-FINAL-073	MTOR	BULK_FORMAL_SCORING_TOKEN_IDENTITY	TRUE
PF4C-FINAL-073	NFS1	BULK_FORMAL_SCORING_TOKEN_IDENTITY	TRUE
PF4C-FINAL-073	RPL8	BULK_FORMAL_SCORING_TOKEN_IDENTITY	TRUE
PF4C-FINAL-074	AKR1C3	BULK_FORMAL_SCORING_TOKEN_IDENTITY	TRUE
PF4C-FINAL-074	ALOX12	BULK_FORMAL_SCORING_TOKEN_IDENTITY	TRUE
PF4C-FINAL-074	CD44	BULK_FORMAL_SCORING_TOKEN_IDENTITY	TRUE
PF4C-FINAL-074	CRYAB	BULK_FORMAL_SCORING_TOKEN_IDENTITY	TRUE
PF4C-FINAL-074	FADS2	BULK_FORMAL_SCORING_TOKEN_IDENTITY	TRUE
PF4C-FINAL-074	FANCD2	BULK_FORMAL_SCORING_TOKEN_IDENTITY	TRUE
PF4C-FINAL-074	HSBP1	BULK_FORMAL_SCORING_TOKEN_IDENTITY	TRUE
PF4C-FINAL-074	MT1G	BULK_FORMAL_SCORING_TOKEN_IDENTITY	TRUE
PF4C-FINAL-074	NFE2L2	BULK_FORMAL_SCORING_TOKEN_IDENTITY	TRUE
PF4C-FINAL-074	SAT1	BULK_FORMAL_SCORING_TOKEN_IDENTITY	TRUE
PF4C-FINAL-074	ZEB1	BULK_FORMAL_SCORING_TOKEN_IDENTITY	TRUE
PF4C-FINAL-078	ABL1	BULK_FORMAL_SCORING_TOKEN_IDENTITY	TRUE
PF4C-FINAL-078	CCNA1	BULK_FORMAL_SCORING_TOKEN_IDENTITY	TRUE
PF4C-FINAL-078	CCND1	BULK_FORMAL_SCORING_TOKEN_IDENTITY	TRUE
PF4C-FINAL-078	CCNE1	BULK_FORMAL_SCORING_TOKEN_IDENTITY	TRUE
PF4C-FINAL-078	CDC6	BULK_FORMAL_SCORING_TOKEN_IDENTITY	TRUE
PF4C-FINAL-078	CDK2	BULK_FORMAL_SCORING_TOKEN_IDENTITY	TRUE
PF4C-FINAL-078	CDKN1C	BULK_FORMAL_SCORING_TOKEN_IDENTITY	TRUE
PF4C-FINAL-078	CDKN2A	BULK_FORMAL_SCORING_TOKEN_IDENTITY	TRUE
PF4C-FINAL-078	DKK1	BULK_FORMAL_SCORING_TOKEN_IDENTITY	TRUE
PF4C-FINAL-078	FZD3	BULK_FORMAL_SCORING_TOKEN_IDENTITY	TRUE
PF4C-FINAL-078	FZD7	BULK_FORMAL_SCORING_TOKEN_IDENTITY	TRUE
PF4C-FINAL-078	GADD45G	BULK_FORMAL_SCORING_TOKEN_IDENTITY	TRUE
PF4C-FINAL-078	GHR	BULK_FORMAL_SCORING_TOKEN_IDENTITY	TRUE
PF4C-FINAL-078	GSTT1	BULK_FORMAL_SCORING_TOKEN_IDENTITY	TRUE
PF4C-FINAL-078	HSPA1B	BULK_FORMAL_SCORING_TOKEN_IDENTITY	TRUE
PF4C-FINAL-078	ID4	BULK_FORMAL_SCORING_TOKEN_IDENTITY	TRUE
PF4C-FINAL-078	IGFBP3	BULK_FORMAL_SCORING_TOKEN_IDENTITY	TRUE
PF4C-FINAL-078	INHBB	BULK_FORMAL_SCORING_TOKEN_IDENTITY	TRUE
PF4C-FINAL-078	IRS2	BULK_FORMAL_SCORING_TOKEN_IDENTITY	TRUE
PF4C-FINAL-078	LIFR	BULK_FORMAL_SCORING_TOKEN_IDENTITY	TRUE
PF4C-FINAL-078	PDGFRA	BULK_FORMAL_SCORING_TOKEN_IDENTITY	TRUE
PF4C-FINAL-078	PIK3CA	BULK_FORMAL_SCORING_TOKEN_IDENTITY	TRUE
PF4C-FINAL-078	PLA2G5	BULK_FORMAL_SCORING_TOKEN_IDENTITY	TRUE
PF4C-FINAL-078	POLE3	BULK_FORMAL_SCORING_TOKEN_IDENTITY	TRUE
PF4C-FINAL-078	PPARGC1A	BULK_FORMAL_SCORING_TOKEN_IDENTITY	TRUE
PF4C-FINAL-078	PRKAR2B	BULK_FORMAL_SCORING_TOKEN_IDENTITY	TRUE
PF4C-FINAL-078	PYGB	BULK_FORMAL_SCORING_TOKEN_IDENTITY	TRUE
PF4C-FINAL-078	SFRP1	BULK_FORMAL_SCORING_TOKEN_IDENTITY	TRUE
PF4C-FINAL-078	SFRP4	BULK_FORMAL_SCORING_TOKEN_IDENTITY	TRUE
PF4C-FINAL-078	SH2B2	BULK_FORMAL_SCORING_TOKEN_IDENTITY	TRUE
PF4C-FINAL-078	STAG3L4	BULK_FORMAL_SCORING_TOKEN_IDENTITY	TRUE
PF4C-FINAL-078	STMN1	BULK_FORMAL_SCORING_TOKEN_IDENTITY	TRUE
PF4C-FINAL-078	THBS2	BULK_FORMAL_SCORING_TOKEN_IDENTITY	TRUE
PF4C-FINAL-078	THBS3	BULK_FORMAL_SCORING_TOKEN_IDENTITY	TRUE
PF4C-FINAL-078	VEGFA	BULK_FORMAL_SCORING_TOKEN_IDENTITY	TRUE
PF4C-FINAL-079	AGT	BULK_FORMAL_SCORING_TOKEN_IDENTITY	TRUE
PF4C-FINAL-079	CALCRL	BULK_FORMAL_SCORING_TOKEN_IDENTITY	TRUE
PF4C-FINAL-079	CCL2	BULK_FORMAL_SCORING_TOKEN_IDENTITY	TRUE
PF4C-FINAL-079	CHI3L1	BULK_FORMAL_SCORING_TOKEN_IDENTITY	TRUE
PF4C-FINAL-079	CPE	BULK_FORMAL_SCORING_TOKEN_IDENTITY	TRUE
PF4C-FINAL-079	EGFR	BULK_FORMAL_SCORING_TOKEN_IDENTITY	TRUE
PF4C-FINAL-079	IGFBPL1	BULK_FORMAL_SCORING_TOKEN_IDENTITY	TRUE
PF4C-FINAL-079	MBP	BULK_FORMAL_SCORING_TOKEN_IDENTITY	TRUE
PF4C-FINAL-079	MCF2	BULK_FORMAL_SCORING_TOKEN_IDENTITY	TRUE
PF4C-FINAL-079	OLFM1	BULK_FORMAL_SCORING_TOKEN_IDENTITY	TRUE
PF4C-FINAL-079	PACSIN1	BULK_FORMAL_SCORING_TOKEN_IDENTITY	TRUE
PF4C-FINAL-079	SNCA	BULK_FORMAL_SCORING_TOKEN_IDENTITY	TRUE
PF4C-FINAL-079	SOD2	BULK_FORMAL_SCORING_TOKEN_IDENTITY	TRUE
PF4C-FINAL-079	TOP2A	BULK_FORMAL_SCORING_TOKEN_IDENTITY	TRUE
PF4C-FINAL-080	BIRC3	BULK_FORMAL_SCORING_TOKEN_IDENTITY	TRUE
PF4C-FINAL-080	BIRC5	BULK_FORMAL_SCORING_TOKEN_IDENTITY	TRUE
PF4C-FINAL-080	CASP4	BULK_FORMAL_SCORING_TOKEN_IDENTITY	TRUE
PF4C-FINAL-080	CASP9	BULK_FORMAL_SCORING_TOKEN_IDENTITY	TRUE
PF4C-FINAL-080	GSDMD	BULK_FORMAL_SCORING_TOKEN_IDENTITY	TRUE
PF4C-FINAL-080	MYD88	BULK_FORMAL_SCORING_TOKEN_IDENTITY	TRUE
PF4C-FINAL-080	TNFRSF1A	BULK_FORMAL_SCORING_TOKEN_IDENTITY	TRUE
PF4C-FINAL-081	C3AR1	BULK_FORMAL_SCORING_TOKEN_IDENTITY	TRUE
PF4C-FINAL-081	CLCF1	BULK_FORMAL_SCORING_TOKEN_IDENTITY	TRUE
PF4C-FINAL-081	EDNRB	BULK_FORMAL_SCORING_TOKEN_IDENTITY	TRUE
PF4C-FINAL-081	HTR7	BULK_FORMAL_SCORING_TOKEN_IDENTITY	TRUE
PF4C-FINAL-081	IGF2	BULK_FORMAL_SCORING_TOKEN_IDENTITY	TRUE
PF4C-FINAL-081	KCNN4	BULK_FORMAL_SCORING_TOKEN_IDENTITY	TRUE
PF4C-FINAL-081	NTRK1	BULK_FORMAL_SCORING_TOKEN_IDENTITY	TRUE
PF4C-FINAL-081	OSMR	BULK_FORMAL_SCORING_TOKEN_IDENTITY	TRUE
PF4C-FINAL-081	RETN	BULK_FORMAL_SCORING_TOKEN_IDENTITY	TRUE
PF4C-FINAL-081	SLC18A3	BULK_FORMAL_SCORING_TOKEN_IDENTITY	TRUE
PF4C-FINAL-082	CHI3L2	BULK_FORMAL_SCORING_TOKEN_IDENTITY	TRUE
PF4C-FINAL-082	CLEC2B	BULK_FORMAL_SCORING_TOKEN_IDENTITY	TRUE
PF4C-FINAL-082	CLEC5A	BULK_FORMAL_SCORING_TOKEN_IDENTITY	TRUE
PF4C-FINAL-082	CLEC7A	BULK_FORMAL_SCORING_TOKEN_IDENTITY	TRUE
PF4C-FINAL-082	COLEC12	BULK_FORMAL_SCORING_TOKEN_IDENTITY	TRUE
PF4C-FINAL-082	FMOD	BULK_FORMAL_SCORING_TOKEN_IDENTITY	TRUE
PF4C-FINAL-082	GPC4	BULK_FORMAL_SCORING_TOKEN_IDENTITY	TRUE
PF4C-FINAL-082	LGALS1	BULK_FORMAL_SCORING_TOKEN_IDENTITY	TRUE
PF4C-FINAL-082	LGALS3BP	BULK_FORMAL_SCORING_TOKEN_IDENTITY	TRUE
PF4C-FINAL-082	LY75	BULK_FORMAL_SCORING_TOKEN_IDENTITY	TRUE
PF4C-FINAL-082	MRC2	BULK_FORMAL_SCORING_TOKEN_IDENTITY	TRUE
PF4C-FINAL-082	RENBP	BULK_FORMAL_SCORING_TOKEN_IDENTITY	TRUE
PF4C-FINAL-082	SLC2A10	BULK_FORMAL_SCORING_TOKEN_IDENTITY	TRUE
PF4C-FINAL-082	SRGN	BULK_FORMAL_SCORING_TOKEN_IDENTITY	TRUE
PF4C-FINAL-085	ANXA1	BULK_FORMAL_SCORING_TOKEN_IDENTITY	TRUE
PF4C-FINAL-085	BUB1B	BULK_FORMAL_SCORING_TOKEN_IDENTITY	TRUE
PF4C-FINAL-085	IKBKB	BULK_FORMAL_SCORING_TOKEN_IDENTITY	TRUE
PF4C-FINAL-085	PDIA4	BULK_FORMAL_SCORING_TOKEN_IDENTITY	TRUE
PF4C-FINAL-085	RCC2	BULK_FORMAL_SCORING_TOKEN_IDENTITY	TRUE
PF4C-FINAL-085	RPL4	BULK_FORMAL_SCORING_TOKEN_IDENTITY	TRUE
PF4C-FINAL-085	TXNIP	BULK_FORMAL_SCORING_TOKEN_IDENTITY	TRUE
PF4C-FINAL-085	VIM	BULK_FORMAL_SCORING_TOKEN_IDENTITY	TRUE
PF4C-FINAL-086	ADCYAP1R1	BULK_FORMAL_SCORING_TOKEN_IDENTITY	TRUE
PF4C-FINAL-086	ANGPTL2	BULK_FORMAL_SCORING_TOKEN_IDENTITY	TRUE
PF4C-FINAL-086	APOBEC3C	BULK_FORMAL_SCORING_TOKEN_IDENTITY	TRUE
PF4C-FINAL-086	BIRC5	BULK_FORMAL_SCORING_TOKEN_IDENTITY	TRUE
PF4C-FINAL-086	BMP1	BULK_FORMAL_SCORING_TOKEN_IDENTITY	TRUE
PF4C-FINAL-086	BMP2	BULK_FORMAL_SCORING_TOKEN_IDENTITY	TRUE
PF4C-FINAL-086	CDK4	BULK_FORMAL_SCORING_TOKEN_IDENTITY	TRUE
PF4C-FINAL-086	JAG2	BULK_FORMAL_SCORING_TOKEN_IDENTITY	TRUE
PF4C-FINAL-086	MET	BULK_FORMAL_SCORING_TOKEN_IDENTITY	TRUE
PF4C-FINAL-086	NRG3	BULK_FORMAL_SCORING_TOKEN_IDENTITY	TRUE
PF4C-FINAL-086	S100A16	BULK_FORMAL_SCORING_TOKEN_IDENTITY	TRUE
PF4C-FINAL-086	SSTR2	BULK_FORMAL_SCORING_TOKEN_IDENTITY	TRUE
PF4C-FINAL-086	TNFRSF10B	BULK_FORMAL_SCORING_TOKEN_IDENTITY	TRUE
PF4C-FINAL-086	TNFRSF19	BULK_FORMAL_SCORING_TOKEN_IDENTITY	TRUE
PF4C-FINAL-086	VGF	BULK_FORMAL_SCORING_TOKEN_IDENTITY	TRUE
PF4C-FINAL-087	ATP6AP1	BULK_FORMAL_SCORING_TOKEN_IDENTITY	TRUE
PF4C-FINAL-087	ATP6AP2	BULK_FORMAL_SCORING_TOKEN_IDENTITY	TRUE
PF4C-FINAL-087	ATP6V1C2	BULK_FORMAL_SCORING_TOKEN_IDENTITY	TRUE
PF4C-FINAL-087	ATP6V1G2	BULK_FORMAL_SCORING_TOKEN_IDENTITY	TRUE
PF4C-FINAL-087	TCIRG1	BULK_FORMAL_SCORING_TOKEN_IDENTITY	TRUE
PF4C-FINAL-092	SOCS3	BULK_FORMAL_SCORING_TOKEN_IDENTITY	TRUE
PF4C-FINAL-092	TEK	BULK_FORMAL_SCORING_TOKEN_IDENTITY	TRUE
PF4C-FINAL-092	VEGFA	BULK_FORMAL_SCORING_TOKEN_IDENTITY	TRUE
PF4C-FINAL-093	TRIM17	BULK_FORMAL_SCORING_TOKEN_IDENTITY	TRUE
PF4C-FINAL-093	TRIM21	BULK_FORMAL_SCORING_TOKEN_IDENTITY	TRUE
PF4C-FINAL-093	TRIM28	BULK_FORMAL_SCORING_TOKEN_IDENTITY	TRUE
PF4C-FINAL-093	TRIM34	BULK_FORMAL_SCORING_TOKEN_IDENTITY	TRUE
PF4C-FINAL-093	TRIM47	BULK_FORMAL_SCORING_TOKEN_IDENTITY	TRUE
PF4C-FINAL-093	TRIM5	BULK_FORMAL_SCORING_TOKEN_IDENTITY	TRUE
PF4C-FINAL-094	BTRC	BULK_FORMAL_SCORING_TOKEN_IDENTITY	TRUE
PF4C-FINAL-094	CUL1	BULK_FORMAL_SCORING_TOKEN_IDENTITY	TRUE
PF4C-FINAL-094	GRN	BULK_FORMAL_SCORING_TOKEN_IDENTITY	TRUE
PF4C-FINAL-094	SIAH2	BULK_FORMAL_SCORING_TOKEN_IDENTITY	TRUE
PF4C-FINAL-094	UBB	BULK_FORMAL_SCORING_TOKEN_IDENTITY	TRUE
PF4C-FINAL-094	UBE2D2	BULK_FORMAL_SCORING_TOKEN_IDENTITY	TRUE
PF4C-FINAL-094	UBE2D3	BULK_FORMAL_SCORING_TOKEN_IDENTITY	TRUE
PF4C-FINAL-094	UBE2G2	BULK_FORMAL_SCORING_TOKEN_IDENTITY	TRUE
PF4C-FINAL-094	UBE2S	BULK_FORMAL_SCORING_TOKEN_IDENTITY	TRUE
PF4C-FINAL-094	UBE2Z	BULK_FORMAL_SCORING_TOKEN_IDENTITY	TRUE
PF4C-FINAL-094	USP4	BULK_FORMAL_SCORING_TOKEN_IDENTITY	TRUE
PF4C-FINAL-094	USP7	BULK_FORMAL_SCORING_TOKEN_IDENTITY	TRUE
PF4C-FINAL-095	CD274	BULK_FORMAL_SCORING_TOKEN_IDENTITY	TRUE
PF4C-FINAL-095	CD40	BULK_FORMAL_SCORING_TOKEN_IDENTITY	TRUE
PF4C-FINAL-095	HAVCR2	BULK_FORMAL_SCORING_TOKEN_IDENTITY	TRUE
PF4C-FINAL-095	NCR3LG1	BULK_FORMAL_SCORING_TOKEN_IDENTITY	TRUE
PF4C-FINAL-095	TNFSF4	BULK_FORMAL_SCORING_TOKEN_IDENTITY	TRUE
PF4C-FINAL-096	BRCA1	BULK_FORMAL_SCORING_TOKEN_IDENTITY	TRUE
PF4C-FINAL-096	DZIP1L	BULK_FORMAL_SCORING_TOKEN_IDENTITY	TRUE
PF4C-FINAL-096	HEXIM2	BULK_FORMAL_SCORING_TOKEN_IDENTITY	TRUE
PF4C-FINAL-096	LARP4B	BULK_FORMAL_SCORING_TOKEN_IDENTITY	TRUE
PF4C-FINAL-096	LSM11	BULK_FORMAL_SCORING_TOKEN_IDENTITY	TRUE
PF4C-FINAL-096	PABPC1L2B	BULK_FORMAL_SCORING_TOKEN_IDENTITY	TRUE
PF4C-FINAL-096	SARNP	BULK_FORMAL_SCORING_TOKEN_IDENTITY	TRUE
PF4C-FINAL-096	SMN1	BULK_FORMAL_SCORING_TOKEN_IDENTITY	TRUE
PF4C-FINAL-096	THOC3	BULK_FORMAL_SCORING_TOKEN_IDENTITY	TRUE
PF4C-FINAL-096	ZC3H12B	BULK_FORMAL_SCORING_TOKEN_IDENTITY	TRUE
PF4C-FINAL-096	ZC3H8	BULK_FORMAL_SCORING_TOKEN_IDENTITY	TRUE
PF4C-FINAL-097	CRYL1	BULK_FORMAL_SCORING_TOKEN_IDENTITY	TRUE
PF4C-FINAL-097	DCXR	BULK_FORMAL_SCORING_TOKEN_IDENTITY	TRUE
PF4C-FINAL-097	SORD	BULK_FORMAL_SCORING_TOKEN_IDENTITY	TRUE
PF4C-FINAL-097	UGT8	BULK_FORMAL_SCORING_TOKEN_IDENTITY	TRUE
PF4C-FINAL-097	XYLB	BULK_FORMAL_SCORING_TOKEN_IDENTITY	TRUE
PF4C-FINAL-099	C21ORF62	BULK_FORMAL_SCORING_TOKEN_IDENTITY	TRUE
PF4C-FINAL-099	KCNIP2	BULK_FORMAL_SCORING_TOKEN_IDENTITY	TRUE
PF4C-FINAL-099	MYBL2	BULK_FORMAL_SCORING_TOKEN_IDENTITY	TRUE
PF4C-FINAL-099	TUBA1C	BULK_FORMAL_SCORING_TOKEN_IDENTITY	TRUE
PF4C-FINAL-100	CASP4	BULK_FORMAL_SCORING_TOKEN_IDENTITY	TRUE
PF4C-FINAL-100	CCDC109B	BULK_FORMAL_SCORING_TOKEN_IDENTITY	TRUE
PF4C-FINAL-100	CHI3L1	BULK_FORMAL_SCORING_TOKEN_IDENTITY	TRUE
PF4C-FINAL-100	EMP3	BULK_FORMAL_SCORING_TOKEN_IDENTITY	TRUE
PF4C-FINAL-100	MSN	BULK_FORMAL_SCORING_TOKEN_IDENTITY	TRUE
PF4C-FINAL-100	MYL12A	BULK_FORMAL_SCORING_TOKEN_IDENTITY	TRUE
PF4C-FINAL-100	PLAUR	BULK_FORMAL_SCORING_TOKEN_IDENTITY	TRUE
PF4C-FINAL-100	S100A4	BULK_FORMAL_SCORING_TOKEN_IDENTITY	TRUE
PF4C-FINAL-100	TIMP1	BULK_FORMAL_SCORING_TOKEN_IDENTITY	TRUE
PF4C-FINAL-102	ADORA1	BULK_FORMAL_SCORING_TOKEN_IDENTITY	TRUE
PF4C-FINAL-102	ARNTL	BULK_FORMAL_SCORING_TOKEN_IDENTITY	TRUE
PF4C-FINAL-102	ATR	BULK_FORMAL_SCORING_TOKEN_IDENTITY	TRUE
PF4C-FINAL-102	BHLHE40	BULK_FORMAL_SCORING_TOKEN_IDENTITY	TRUE
PF4C-FINAL-102	CHEK1	BULK_FORMAL_SCORING_TOKEN_IDENTITY	TRUE
PF4C-FINAL-102	CHRNB2	BULK_FORMAL_SCORING_TOKEN_IDENTITY	TRUE
PF4C-FINAL-102	CRH	BULK_FORMAL_SCORING_TOKEN_IDENTITY	TRUE
PF4C-FINAL-102	CRY1	BULK_FORMAL_SCORING_TOKEN_IDENTITY	TRUE
PF4C-FINAL-102	CRY2	BULK_FORMAL_SCORING_TOKEN_IDENTITY	TRUE
PF4C-FINAL-102	CSNK1E	BULK_FORMAL_SCORING_TOKEN_IDENTITY	TRUE
PF4C-FINAL-102	GHRHR	BULK_FORMAL_SCORING_TOKEN_IDENTITY	TRUE
PF4C-FINAL-102	NPAS2	BULK_FORMAL_SCORING_TOKEN_IDENTITY	TRUE
PF4C-FINAL-102	PER2	BULK_FORMAL_SCORING_TOKEN_IDENTITY	TRUE
PF4C-FINAL-102	PER3	BULK_FORMAL_SCORING_TOKEN_IDENTITY	TRUE
PF4C-FINAL-102	PTGDS	BULK_FORMAL_SCORING_TOKEN_IDENTITY	TRUE
PF4C-FINAL-102	TIMELESS	BULK_FORMAL_SCORING_TOKEN_IDENTITY	TRUE
PF4C-FINAL-103	ADRB3	BULK_FORMAL_SCORING_TOKEN_IDENTITY	TRUE
PF4C-FINAL-103	CRCP	BULK_FORMAL_SCORING_TOKEN_IDENTITY	TRUE
PF4C-FINAL-103	F2RL2	BULK_FORMAL_SCORING_TOKEN_IDENTITY	TRUE
PF4C-FINAL-103	FZD1	BULK_FORMAL_SCORING_TOKEN_IDENTITY	TRUE
PF4C-FINAL-103	GLP1R	BULK_FORMAL_SCORING_TOKEN_IDENTITY	TRUE
PF4C-FINAL-103	GPBAR1	BULK_FORMAL_SCORING_TOKEN_IDENTITY	TRUE
PF4C-FINAL-103	GPCR68	BULK_FORMAL_SCORING_TOKEN_IDENTITY	TRUE
PF4C-FINAL-103	GPCR82	BULK_FORMAL_SCORING_TOKEN_IDENTITY	TRUE
PF4C-FINAL-103	HTR7	BULK_FORMAL_SCORING_TOKEN_IDENTITY	TRUE
PF4C-FINAL-103	TPRA1	BULK_FORMAL_SCORING_TOKEN_IDENTITY	TRUE
PF4C-FINAL-105	RNF7	BULK_FORMAL_SCORING_TOKEN_IDENTITY	TRUE
PF4C-FINAL-105	SOCS1	BULK_FORMAL_SCORING_TOKEN_IDENTITY	TRUE
PF4C-FINAL-105	SOCS3	BULK_FORMAL_SCORING_TOKEN_IDENTITY	TRUE
PF4C-FINAL-105	TCEB1	BULK_FORMAL_SCORING_TOKEN_IDENTITY	TRUE
LEGACY-V001-M01	AMPH	BULK_FORMAL_SCORING_TOKEN_IDENTITY	TRUE
LEGACY-V001-M01	CTSB	BULK_FORMAL_SCORING_TOKEN_IDENTITY	TRUE
LEGACY-V001-M01	FN1	BULK_FORMAL_SCORING_TOKEN_IDENTITY	TRUE
LEGACY-V001-M01	GALNT6	BULK_FORMAL_SCORING_TOKEN_IDENTITY	TRUE
LEGACY-V001-M01	PLAT	BULK_FORMAL_SCORING_TOKEN_IDENTITY	TRUE
LEGACY-V001-M01	SCG5	BULK_FORMAL_SCORING_TOKEN_IDENTITY	TRUE
LEGACY-V001-M01	TIMP1	BULK_FORMAL_SCORING_TOKEN_IDENTITY	TRUE
LEGACY-V003-M01	CTSB	BULK_FORMAL_SCORING_TOKEN_IDENTITY	TRUE
LEGACY-V003-M01	KLF10	BULK_FORMAL_SCORING_TOKEN_IDENTITY	TRUE
LEGACY-V003-M01	PLAUR	BULK_FORMAL_SCORING_TOKEN_IDENTITY	TRUE
LEGACY-V003-M01	PTPRN	BULK_FORMAL_SCORING_TOKEN_IDENTITY	TRUE
LEGACY-V003-M01	RARRES2	BULK_FORMAL_SCORING_TOKEN_IDENTITY	TRUE
LEGACY-V003-M01	TIMP1	BULK_FORMAL_SCORING_TOKEN_IDENTITY	TRUE
LEGACY-V004-M01	AHR	BULK_FORMAL_SCORING_TOKEN_IDENTITY	TRUE
LEGACY-V004-M01	BDKRB1	BULK_FORMAL_SCORING_TOKEN_IDENTITY	TRUE
LEGACY-V004-M01	CD14	BULK_FORMAL_SCORING_TOKEN_IDENTITY	TRUE
LEGACY-V004-M01	CLEC5A	BULK_FORMAL_SCORING_TOKEN_IDENTITY	TRUE
LEGACY-V004-M01	DCBLD2	BULK_FORMAL_SCORING_TOKEN_IDENTITY	TRUE
LEGACY-V004-M01	EREG	BULK_FORMAL_SCORING_TOKEN_IDENTITY	TRUE
LEGACY-V004-M01	LTA	BULK_FORMAL_SCORING_TOKEN_IDENTITY	TRUE
LEGACY-V004-M01	LY6E	BULK_FORMAL_SCORING_TOKEN_IDENTITY	TRUE
LEGACY-V004-M01	SLC4A4	BULK_FORMAL_SCORING_TOKEN_IDENTITY	TRUE
LEGACY-V005-M01	COL22A1	BULK_FORMAL_SCORING_TOKEN_IDENTITY	TRUE
LEGACY-V005-M01	CRYGN	BULK_FORMAL_SCORING_TOKEN_IDENTITY	TRUE
LEGACY-V005-M01	GZMB	BULK_FORMAL_SCORING_TOKEN_IDENTITY	TRUE
LEGACY-V005-M01	MSTN	BULK_FORMAL_SCORING_TOKEN_IDENTITY	TRUE
LEGACY-V005-M01	OSMR	BULK_FORMAL_SCORING_TOKEN_IDENTITY	TRUE
LEGACY-V006-M01	ADAMTS14	BULK_FORMAL_SCORING_TOKEN_IDENTITY	TRUE
LEGACY-V006-M01	BDKRB2	BULK_FORMAL_SCORING_TOKEN_IDENTITY	TRUE
LEGACY-V006-M01	FOSL1	BULK_FORMAL_SCORING_TOKEN_IDENTITY	TRUE
LEGACY-V006-M01	PLAUR	BULK_FORMAL_SCORING_TOKEN_IDENTITY	TRUE
LEGACY-V006-M01	TIMP1	BULK_FORMAL_SCORING_TOKEN_IDENTITY	TRUE
LEGACY-V007-M01	COL5A1	BULK_FORMAL_SCORING_TOKEN_IDENTITY	TRUE
LEGACY-V007-M01	COL6A1	BULK_FORMAL_SCORING_TOKEN_IDENTITY	TRUE
LEGACY-V007-M01	FN1	BULK_FORMAL_SCORING_TOKEN_IDENTITY	TRUE
LEGACY-V007-M01	ITGA5	BULK_FORMAL_SCORING_TOKEN_IDENTITY	TRUE
LEGACY-V007-M01	MMP14	BULK_FORMAL_SCORING_TOKEN_IDENTITY	TRUE
LEGACY-V009-M01	MAPK1	BULK_FORMAL_SCORING_TOKEN_IDENTITY	TRUE
LEGACY-V009-M01	P2RX1	BULK_FORMAL_SCORING_TOKEN_IDENTITY	TRUE
LEGACY-V009-M01	PARVB	BULK_FORMAL_SCORING_TOKEN_IDENTITY	TRUE
LEGACY-V009-M01	STAT3	BULK_FORMAL_SCORING_TOKEN_IDENTITY	TRUE
LEGACY-V010-M01	CP	BULK_FORMAL_SCORING_TOKEN_IDENTITY	TRUE
LEGACY-V010-M01	IGFBP2	BULK_FORMAL_SCORING_TOKEN_IDENTITY	TRUE
LEGACY-V010-M01	LOX	BULK_FORMAL_SCORING_TOKEN_IDENTITY	TRUE
LEGACY-V011-M01	GJB2	BULK_FORMAL_SCORING_TOKEN_IDENTITY	TRUE
LEGACY-V011-M01	KCNH6	BULK_FORMAL_SCORING_TOKEN_IDENTITY	TRUE
LEGACY-V011-M01	KCNN4	BULK_FORMAL_SCORING_TOKEN_IDENTITY	TRUE
LEGACY-V012-M01	CA14	BULK_FORMAL_SCORING_TOKEN_IDENTITY	TRUE
LEGACY-V012-M01	COL22A1	BULK_FORMAL_SCORING_TOKEN_IDENTITY	TRUE
LEGACY-V012-M01	FERMT1	BULK_FORMAL_SCORING_TOKEN_IDENTITY	TRUE
LEGACY-V012-M01	IGFBP6	BULK_FORMAL_SCORING_TOKEN_IDENTITY	TRUE
LEGACY-V012-M01	SOD3	BULK_FORMAL_SCORING_TOKEN_IDENTITY	TRUE
LEGACY-V012-M01	TIMP4	BULK_FORMAL_SCORING_TOKEN_IDENTITY	TRUE
LEGACY-V012-M01	UPP1	BULK_FORMAL_SCORING_TOKEN_IDENTITY	TRUE
LEGACY-V013-M01	C21ORF62	BULK_FORMAL_SCORING_TOKEN_IDENTITY	TRUE
LEGACY-V013-M01	CCL2	BULK_FORMAL_SCORING_TOKEN_IDENTITY	TRUE
LEGACY-V013-M01	CHI3L1	BULK_FORMAL_SCORING_TOKEN_IDENTITY	TRUE
LEGACY-V013-M01	CHL1	BULK_FORMAL_SCORING_TOKEN_IDENTITY	TRUE
LEGACY-V013-M01	DCX	BULK_FORMAL_SCORING_TOKEN_IDENTITY	TRUE
LEGACY-V013-M01	EMP3	BULK_FORMAL_SCORING_TOKEN_IDENTITY	TRUE
LEGACY-V013-M01	FABP5	BULK_FORMAL_SCORING_TOKEN_IDENTITY	TRUE
LEGACY-V013-M01	GPR37	BULK_FORMAL_SCORING_TOKEN_IDENTITY	TRUE
LEGACY-V013-M01	IGFBP3	BULK_FORMAL_SCORING_TOKEN_IDENTITY	TRUE
LEGACY-V013-M01	IL8	BULK_FORMAL_SCORING_TOKEN_IDENTITY	TRUE
LEGACY-V013-M01	LGALS3	BULK_FORMAL_SCORING_TOKEN_IDENTITY	TRUE
LEGACY-V013-M01	PDPN	BULK_FORMAL_SCORING_TOKEN_IDENTITY	TRUE
LEGACY-V013-M01	POSTN	BULK_FORMAL_SCORING_TOKEN_IDENTITY	TRUE
LEGACY-V013-M01	TAGLN	BULK_FORMAL_SCORING_TOKEN_IDENTITY	TRUE
LEGACY-V016-M01	C1R	BULK_FORMAL_SCORING_TOKEN_IDENTITY	TRUE
LEGACY-V016-M01	CHRM3	BULK_FORMAL_SCORING_TOKEN_IDENTITY	TRUE
LEGACY-V016-M01	CLSTN2	BULK_FORMAL_SCORING_TOKEN_IDENTITY	TRUE
LEGACY-V016-M01	GPRASP1	BULK_FORMAL_SCORING_TOKEN_IDENTITY	TRUE
LEGACY-V016-M01	HPCAL4	BULK_FORMAL_SCORING_TOKEN_IDENTITY	TRUE
LEGACY-V016-M01	ICAM5	BULK_FORMAL_SCORING_TOKEN_IDENTITY	TRUE
LEGACY-V016-M01	IGFBP2	BULK_FORMAL_SCORING_TOKEN_IDENTITY	TRUE
LEGACY-V016-M01	INA	BULK_FORMAL_SCORING_TOKEN_IDENTITY	TRUE
LEGACY-V016-M01	LHX6	BULK_FORMAL_SCORING_TOKEN_IDENTITY	TRUE
LEGACY-V016-M01	NELL1	BULK_FORMAL_SCORING_TOKEN_IDENTITY	TRUE
LEGACY-V016-M01	NMB	BULK_FORMAL_SCORING_TOKEN_IDENTITY	TRUE
LEGACY-V016-M01	PCSK1N	BULK_FORMAL_SCORING_TOKEN_IDENTITY	TRUE
LEGACY-V016-M01	PGBD5	BULK_FORMAL_SCORING_TOKEN_IDENTITY	TRUE
LEGACY-V016-M01	SEZ6L2	BULK_FORMAL_SCORING_TOKEN_IDENTITY	TRUE
LEGACY-V016-M01	SNAP91	BULK_FORMAL_SCORING_TOKEN_IDENTITY	TRUE
LEGACY-V016-M01	UCHL1	BULK_FORMAL_SCORING_TOKEN_IDENTITY	TRUE
LEGACY-V017-M01	BAK1	BULK_FORMAL_SCORING_TOKEN_IDENTITY	TRUE
LEGACY-V017-M01	CDKN1B	BULK_FORMAL_SCORING_TOKEN_IDENTITY	TRUE
LEGACY-V017-M01	CHMP6	BULK_FORMAL_SCORING_TOKEN_IDENTITY	TRUE
LEGACY-V017-M01	EGFR	BULK_FORMAL_SCORING_TOKEN_IDENTITY	TRUE
LEGACY-V017-M01	GAPDH	BULK_FORMAL_SCORING_TOKEN_IDENTITY	TRUE
LEGACY-V017-M01	NDUFB9	BULK_FORMAL_SCORING_TOKEN_IDENTITY	TRUE
LEGACY-V017-M01	SUPT3H	BULK_FORMAL_SCORING_TOKEN_IDENTITY	TRUE
LEGACY-V018-M01	ABCC3	BULK_FORMAL_SCORING_TOKEN_IDENTITY	TRUE
LEGACY-V018-M01	MDK	BULK_FORMAL_SCORING_TOKEN_IDENTITY	TRUE
LEGACY-V018-M01	NMB	BULK_FORMAL_SCORING_TOKEN_IDENTITY	TRUE
LEGACY-V018-M01	PTPRN	BULK_FORMAL_SCORING_TOKEN_IDENTITY	TRUE
LEGACY-V018-M01	RALYL	BULK_FORMAL_SCORING_TOKEN_IDENTITY	TRUE
LEGACY-V019-M01	C5AR1	BULK_FORMAL_SCORING_TOKEN_IDENTITY	TRUE
LEGACY-V019-M01	IL10	BULK_FORMAL_SCORING_TOKEN_IDENTITY	TRUE
LEGACY-V019-M01	PPP4C	BULK_FORMAL_SCORING_TOKEN_IDENTITY	TRUE
LEGACY-V020-M01	AACS	BULK_FORMAL_SCORING_TOKEN_IDENTITY	TRUE
LEGACY-V020-M01	FKBP9	BULK_FORMAL_SCORING_TOKEN_IDENTITY	TRUE
LEGACY-V020-M01	G6PC3	BULK_FORMAL_SCORING_TOKEN_IDENTITY	TRUE
LEGACY-V020-M01	LOXL1	BULK_FORMAL_SCORING_TOKEN_IDENTITY	TRUE
LEGACY-V020-M01	STEAP1	BULK_FORMAL_SCORING_TOKEN_IDENTITY	TRUE
LEGACY-V020-M01	STEAP2	BULK_FORMAL_SCORING_TOKEN_IDENTITY	TRUE
LEGACY-V021-M01	AKR1B10	BULK_FORMAL_SCORING_TOKEN_IDENTITY	TRUE
LEGACY-V021-M01	COMT	BULK_FORMAL_SCORING_TOKEN_IDENTITY	TRUE
LEGACY-V021-M01	COX10	BULK_FORMAL_SCORING_TOKEN_IDENTITY	TRUE
LEGACY-V021-M01	EPHX1	BULK_FORMAL_SCORING_TOKEN_IDENTITY	TRUE
LEGACY-V021-M01	GBE1	BULK_FORMAL_SCORING_TOKEN_IDENTITY	TRUE
LEGACY-V021-M01	GLUD1	BULK_FORMAL_SCORING_TOKEN_IDENTITY	TRUE
LEGACY-V021-M01	GLUD2	BULK_FORMAL_SCORING_TOKEN_IDENTITY	TRUE
LEGACY-V021-M01	GLUL	BULK_FORMAL_SCORING_TOKEN_IDENTITY	TRUE
LEGACY-V021-M01	GPX2	BULK_FORMAL_SCORING_TOKEN_IDENTITY	TRUE
LEGACY-V021-M01	GSTM3	BULK_FORMAL_SCORING_TOKEN_IDENTITY	TRUE
LEGACY-V021-M01	LPCAT3	BULK_FORMAL_SCORING_TOKEN_IDENTITY	TRUE
LEGACY-V021-M01	MDH1	BULK_FORMAL_SCORING_TOKEN_IDENTITY	TRUE
LEGACY-V021-M01	MTHFD2	BULK_FORMAL_SCORING_TOKEN_IDENTITY	TRUE
LEGACY-V021-M01	OCRL	BULK_FORMAL_SCORING_TOKEN_IDENTITY	TRUE
LEGACY-V021-M01	PAFAH1B1	BULK_FORMAL_SCORING_TOKEN_IDENTITY	TRUE
LEGACY-V021-M01	PDE8B	BULK_FORMAL_SCORING_TOKEN_IDENTITY	TRUE
LEGACY-V021-M01	PFKL	BULK_FORMAL_SCORING_TOKEN_IDENTITY	TRUE
LEGACY-V021-M01	RRM2	BULK_FORMAL_SCORING_TOKEN_IDENTITY	TRUE
LEGACY-V022-M01	ACAA2	BULK_FORMAL_SCORING_TOKEN_IDENTITY	TRUE
LEGACY-V022-M01	ACADS	BULK_FORMAL_SCORING_TOKEN_IDENTITY	TRUE
LEGACY-V022-M01	ACOX2	BULK_FORMAL_SCORING_TOKEN_IDENTITY	TRUE
LEGACY-V022-M01	ALOX5AP	BULK_FORMAL_SCORING_TOKEN_IDENTITY	TRUE
LEGACY-V022-M01	B3GALNT1	BULK_FORMAL_SCORING_TOKEN_IDENTITY	TRUE
LEGACY-V022-M01	B4GALT7	BULK_FORMAL_SCORING_TOKEN_IDENTITY	TRUE
LEGACY-V022-M01	CNGA3	BULK_FORMAL_SCORING_TOKEN_IDENTITY	TRUE
LEGACY-V022-M01	CYB561	BULK_FORMAL_SCORING_TOKEN_IDENTITY	TRUE
LEGACY-V022-M01	EXTL3	BULK_FORMAL_SCORING_TOKEN_IDENTITY	TRUE
LEGACY-V022-M01	FAH	BULK_FORMAL_SCORING_TOKEN_IDENTITY	TRUE
LEGACY-V022-M01	HEXA	BULK_FORMAL_SCORING_TOKEN_IDENTITY	TRUE
LEGACY-V022-M01	MAN1B1	BULK_FORMAL_SCORING_TOKEN_IDENTITY	TRUE
LEGACY-V022-M01	NNMT	BULK_FORMAL_SCORING_TOKEN_IDENTITY	TRUE
LEGACY-V022-M01	NPC2	BULK_FORMAL_SCORING_TOKEN_IDENTITY	TRUE
LEGACY-V022-M01	NQO2	BULK_FORMAL_SCORING_TOKEN_IDENTITY	TRUE
LEGACY-V022-M01	OAS1	BULK_FORMAL_SCORING_TOKEN_IDENTITY	TRUE
LEGACY-V022-M01	PIGB	BULK_FORMAL_SCORING_TOKEN_IDENTITY	TRUE
LEGACY-V022-M01	PYGL	BULK_FORMAL_SCORING_TOKEN_IDENTITY	TRUE
LEGACY-V022-M01	SLC12A7	BULK_FORMAL_SCORING_TOKEN_IDENTITY	TRUE
LEGACY-V022-M01	UPP1	BULK_FORMAL_SCORING_TOKEN_IDENTITY	TRUE
LEGACY-V024-M01	APOBR	BULK_FORMAL_SCORING_TOKEN_IDENTITY	TRUE
LEGACY-V024-M01	CD79B	BULK_FORMAL_SCORING_TOKEN_IDENTITY	TRUE
LEGACY-V024-M01	IMPDH1	BULK_FORMAL_SCORING_TOKEN_IDENTITY	TRUE
LEGACY-V024-M01	MAP2K3	BULK_FORMAL_SCORING_TOKEN_IDENTITY	TRUE
LEGACY-V024-M01	MPZL3	BULK_FORMAL_SCORING_TOKEN_IDENTITY	TRUE
LEGACY-V024-M01	SLC16A3	BULK_FORMAL_SCORING_TOKEN_IDENTITY	TRUE
LEGACY-V025-M01	ANPEP	BULK_FORMAL_SCORING_TOKEN_IDENTITY	TRUE
LEGACY-V025-M01	CCDC37	BULK_FORMAL_SCORING_TOKEN_IDENTITY	TRUE
LEGACY-V025-M01	CDH6	BULK_FORMAL_SCORING_TOKEN_IDENTITY	TRUE
LEGACY-V025-M01	DPP4	BULK_FORMAL_SCORING_TOKEN_IDENTITY	TRUE
LEGACY-V025-M01	FANCA	BULK_FORMAL_SCORING_TOKEN_IDENTITY	TRUE
LEGACY-V025-M01	GPNMB	BULK_FORMAL_SCORING_TOKEN_IDENTITY	TRUE
LEGACY-V025-M01	NETO2	BULK_FORMAL_SCORING_TOKEN_IDENTITY	TRUE
LEGACY-V025-M01	PRRG1	BULK_FORMAL_SCORING_TOKEN_IDENTITY	TRUE
LEGACY-V025-M01	PXDN	BULK_FORMAL_SCORING_TOKEN_IDENTITY	TRUE
LEGACY-V025-M01	SCN3A	BULK_FORMAL_SCORING_TOKEN_IDENTITY	TRUE
LEGACY-V025-M01	SEMA6B	BULK_FORMAL_SCORING_TOKEN_IDENTITY	TRUE
LEGACY-V025-M01	TMEM26	BULK_FORMAL_SCORING_TOKEN_IDENTITY	TRUE
LEGACY-V026-M01	BPIFB2	BULK_FORMAL_SCORING_TOKEN_IDENTITY	TRUE
LEGACY-V026-M01	HOXA13	BULK_FORMAL_SCORING_TOKEN_IDENTITY	TRUE
LEGACY-V026-M01	LRRC10	BULK_FORMAL_SCORING_TOKEN_IDENTITY	TRUE
LEGACY-V026-M01	NELL1	BULK_FORMAL_SCORING_TOKEN_IDENTITY	TRUE
LEGACY-V026-M01	SDR16C5	BULK_FORMAL_SCORING_TOKEN_IDENTITY	TRUE
LEGACY-V026-M01	XIRP2	BULK_FORMAL_SCORING_TOKEN_IDENTITY	TRUE
LEGACY-V027-M01	LHX2	BULK_FORMAL_SCORING_TOKEN_IDENTITY	TRUE
LEGACY-V027-M01	MEOX2	BULK_FORMAL_SCORING_TOKEN_IDENTITY	TRUE
LEGACY-V027-M01	SNAI2	BULK_FORMAL_SCORING_TOKEN_IDENTITY	TRUE
LEGACY-V027-M01	ZNF22	BULK_FORMAL_SCORING_TOKEN_IDENTITY	TRUE
LEGACY-V028-M01	ADI1	BULK_FORMAL_SCORING_TOKEN_IDENTITY	TRUE
LEGACY-V028-M01	ATP6V1E1	BULK_FORMAL_SCORING_TOKEN_IDENTITY	TRUE
LEGACY-V028-M01	CALCOCO2	BULK_FORMAL_SCORING_TOKEN_IDENTITY	TRUE
LEGACY-V028-M01	ECHS1	BULK_FORMAL_SCORING_TOKEN_IDENTITY	TRUE
LEGACY-V028-M01	EIF3D	BULK_FORMAL_SCORING_TOKEN_IDENTITY	TRUE
LEGACY-V028-M01	ERCC1	BULK_FORMAL_SCORING_TOKEN_IDENTITY	TRUE
LEGACY-V028-M01	GPNMB	BULK_FORMAL_SCORING_TOKEN_IDENTITY	TRUE
LEGACY-V028-M01	MTDH	BULK_FORMAL_SCORING_TOKEN_IDENTITY	TRUE
LEGACY-V028-M01	NEDD9	BULK_FORMAL_SCORING_TOKEN_IDENTITY	TRUE
LEGACY-V028-M01	PCNA	BULK_FORMAL_SCORING_TOKEN_IDENTITY	TRUE
LEGACY-V028-M01	PLOD1	BULK_FORMAL_SCORING_TOKEN_IDENTITY	TRUE
LEGACY-V028-M01	RCAN2	BULK_FORMAL_SCORING_TOKEN_IDENTITY	TRUE
LEGACY-V028-M01	VTI1B	BULK_FORMAL_SCORING_TOKEN_IDENTITY	TRUE
LEGACY-V029-M01	ITGA3	BULK_FORMAL_SCORING_TOKEN_IDENTITY	TRUE
LEGACY-V029-M01	MAP1LC3A	BULK_FORMAL_SCORING_TOKEN_IDENTITY	TRUE
LEGACY-V029-M01	NRG1	BULK_FORMAL_SCORING_TOKEN_IDENTITY	TRUE
LEGACY-E001-M01	COL5A1	BULK_FORMAL_SCORING_TOKEN_IDENTITY	TRUE
LEGACY-E001-M01	MFGE8	BULK_FORMAL_SCORING_TOKEN_IDENTITY	TRUE
LEGACY-E001-M01	MSH6	BULK_FORMAL_SCORING_TOKEN_IDENTITY	TRUE
LEGACY-E001-M01	NF1	BULK_FORMAL_SCORING_TOKEN_IDENTITY	TRUE
LEGACY-E001-M01	PGPEP1	BULK_FORMAL_SCORING_TOKEN_IDENTITY	TRUE
LEGACY-E001-M01	PIK3CA	BULK_FORMAL_SCORING_TOKEN_IDENTITY	TRUE
LEGACY-E007-M01	BMP2	BULK_FORMAL_SCORING_TOKEN_IDENTITY	TRUE
LEGACY-E007-M01	PTX3	BULK_FORMAL_SCORING_TOKEN_IDENTITY	TRUE
LEGACY-E007-M01	TNFSF9	BULK_FORMAL_SCORING_TOKEN_IDENTITY	TRUE
LEGACY-E011-M01	IGFBP2	BULK_FORMAL_SCORING_TOKEN_IDENTITY	TRUE
LEGACY-E011-M01	NOD2	BULK_FORMAL_SCORING_TOKEN_IDENTITY	TRUE
LEGACY-E011-M01	TCF3	BULK_FORMAL_SCORING_TOKEN_IDENTITY	TRUE
LEGACY-E011-M01	TYRO3	BULK_FORMAL_SCORING_TOKEN_IDENTITY	TRUE
LEGACY-E012-M01	COL1A2	BULK_FORMAL_SCORING_TOKEN_IDENTITY	TRUE
LEGACY-E012-M01	COL3A1	BULK_FORMAL_SCORING_TOKEN_IDENTITY	TRUE
LEGACY-E012-M01	COL5A1	BULK_FORMAL_SCORING_TOKEN_IDENTITY	TRUE
LEGACY-E012-M01	ITGA5	BULK_FORMAL_SCORING_TOKEN_IDENTITY	TRUE
LEGACY-E012-M01	LAMC1	BULK_FORMAL_SCORING_TOKEN_IDENTITY	TRUE
LEGACY-E012-M01	MET	BULK_FORMAL_SCORING_TOKEN_IDENTITY	TRUE
LEGACY-E014-M01	KCNB1	BULK_FORMAL_SCORING_TOKEN_IDENTITY	TRUE
LEGACY-E014-M01	KCNJ10	BULK_FORMAL_SCORING_TOKEN_IDENTITY	TRUE
LEGACY-E014-M01	KCNN4	BULK_FORMAL_SCORING_TOKEN_IDENTITY	TRUE
LEGACY-E016-M01	C9ORF64	BULK_FORMAL_SCORING_TOKEN_IDENTITY	TRUE
LEGACY-E016-M01	GNS	BULK_FORMAL_SCORING_TOKEN_IDENTITY	TRUE
LEGACY-E016-M01	GZMB	BULK_FORMAL_SCORING_TOKEN_IDENTITY	TRUE
LEGACY-E016-M01	MXRA8	BULK_FORMAL_SCORING_TOKEN_IDENTITY	TRUE
LEGACY-E016-M01	OSMR	BULK_FORMAL_SCORING_TOKEN_IDENTITY	TRUE
LEGACY-E016-M01	PDIA4	BULK_FORMAL_SCORING_TOKEN_IDENTITY	TRUE
LEGACY-E016-M01	PDLIM4	BULK_FORMAL_SCORING_TOKEN_IDENTITY	TRUE
LEGACY-E016-M01	SLC16A13	BULK_FORMAL_SCORING_TOKEN_IDENTITY	TRUE
LEGACY-E016-M01	STC1	BULK_FORMAL_SCORING_TOKEN_IDENTITY	TRUE
LEGACY-S001-M01	HOXC10	BULK_FORMAL_SCORING_TOKEN_IDENTITY	TRUE
LEGACY-S001-M01	OSMR	BULK_FORMAL_SCORING_TOKEN_IDENTITY	TRUE
LEGACY-S001-M01	SCARA3	BULK_FORMAL_SCORING_TOKEN_IDENTITY	TRUE
LEGACY-S001-M01	SLC39A10	BULK_FORMAL_SCORING_TOKEN_IDENTITY	TRUE
LEGACY-S003-M01	ALOX5	BULK_FORMAL_SCORING_TOKEN_IDENTITY	TRUE
LEGACY-S003-M01	ATP5MC3	BULK_FORMAL_SCORING_TOKEN_IDENTITY	TRUE
LEGACY-S003-M01	CHAC1	BULK_FORMAL_SCORING_TOKEN_IDENTITY	TRUE
LEGACY-S003-M01	CRYAB	BULK_FORMAL_SCORING_TOKEN_IDENTITY	TRUE
LEGACY-S003-M01	MT1G	BULK_FORMAL_SCORING_TOKEN_IDENTITY	TRUE
LEGACY-S003-M01	NCOA4	BULK_FORMAL_SCORING_TOKEN_IDENTITY	TRUE
LEGACY-S003-M01	STEAP3	BULK_FORMAL_SCORING_TOKEN_IDENTITY	TRUE
LEGACY-S003-M01	ZEB1	BULK_FORMAL_SCORING_TOKEN_IDENTITY	TRUE
LEGACY-S005-M01	G6PC3	BULK_FORMAL_SCORING_TOKEN_IDENTITY	TRUE
LEGACY-S005-M01	IGFBP2	BULK_FORMAL_SCORING_TOKEN_IDENTITY	TRUE
LEGACY-S005-M01	PTPRN	BULK_FORMAL_SCORING_TOKEN_IDENTITY	TRUE
LEGACY-S005-M01	RGS14	BULK_FORMAL_SCORING_TOKEN_IDENTITY	TRUE
LEGACY-S005-M01	TIMP4	BULK_FORMAL_SCORING_TOKEN_IDENTITY	TRUE
LEGACY-S006-M01	CCL2	BULK_FORMAL_SCORING_TOKEN_IDENTITY	TRUE
LEGACY-S006-M01	CTSD	BULK_FORMAL_SCORING_TOKEN_IDENTITY	TRUE
LEGACY-S006-M01	DRAM1	BULK_FORMAL_SCORING_TOKEN_IDENTITY	TRUE
LEGACY-S006-M01	HSPA5	BULK_FORMAL_SCORING_TOKEN_IDENTITY	TRUE
LEGACY-S006-M01	LENG9	BULK_FORMAL_SCORING_TOKEN_IDENTITY	TRUE
LEGACY-S006-M01	MSTN	BULK_FORMAL_SCORING_TOKEN_IDENTITY	TRUE
LEGACY-S006-M01	MTMR14	BULK_FORMAL_SCORING_TOKEN_IDENTITY	TRUE
LEGACY-S006-M01	P4HB	BULK_FORMAL_SCORING_TOKEN_IDENTITY	TRUE
LEGACY-S006-M01	PHYHIP	BULK_FORMAL_SCORING_TOKEN_IDENTITY	TRUE
LEGACY-S006-M01	RRAGB	BULK_FORMAL_SCORING_TOKEN_IDENTITY	TRUE
LEGACY-S006-M01	S100A8	BULK_FORMAL_SCORING_TOKEN_IDENTITY	TRUE
LEGACY-S006-M01	TCIRG1	BULK_FORMAL_SCORING_TOKEN_IDENTITY	TRUE
LEGACY-S006-M01	UBQLN4	BULK_FORMAL_SCORING_TOKEN_IDENTITY	TRUE
LEGACY-S006-M01	ZKSCAN3	BULK_FORMAL_SCORING_TOKEN_IDENTITY	TRUE
LEGACY-S007-M01	BMPR1A	BULK_FORMAL_SCORING_TOKEN_IDENTITY	TRUE
LEGACY-S007-M01	CTSB	BULK_FORMAL_SCORING_TOKEN_IDENTITY	TRUE
LEGACY-S007-M01	CXCL2	BULK_FORMAL_SCORING_TOKEN_IDENTITY	TRUE
LEGACY-S007-M01	NFKBIZ	BULK_FORMAL_SCORING_TOKEN_IDENTITY	TRUE
LEGACY-S007-M01	OSMR	BULK_FORMAL_SCORING_TOKEN_IDENTITY	TRUE
LEGACY-S007-M01	SEMA4F	BULK_FORMAL_SCORING_TOKEN_IDENTITY	TRUE
LEGACY-S007-M01	TNFSF14	BULK_FORMAL_SCORING_TOKEN_IDENTITY	TRUE
LEGACY-S009-M01	ARPC1B	BULK_FORMAL_SCORING_TOKEN_IDENTITY	TRUE
LEGACY-S009-M01	FCGR2B	BULK_FORMAL_SCORING_TOKEN_IDENTITY	TRUE
LEGACY-S009-M01	NCF2	BULK_FORMAL_SCORING_TOKEN_IDENTITY	TRUE
LEGACY-S009-M01	PLAUR	BULK_FORMAL_SCORING_TOKEN_IDENTITY	TRUE
LEGACY-S009-M01	S100A11	BULK_FORMAL_SCORING_TOKEN_IDENTITY	TRUE
LEGACY-S012-M01	AQP9	BULK_FORMAL_SCORING_TOKEN_IDENTITY	TRUE
LEGACY-S012-M01	AREG	BULK_FORMAL_SCORING_TOKEN_IDENTITY	TRUE
LEGACY-S012-M01	CLCF1	BULK_FORMAL_SCORING_TOKEN_IDENTITY	TRUE
LEGACY-S012-M01	GRN	BULK_FORMAL_SCORING_TOKEN_IDENTITY	TRUE
LEGACY-S012-M01	IGLV6-57	BULK_FORMAL_SCORING_TOKEN_IDENTITY	TRUE
LEGACY-S012-M01	PLAUR	BULK_FORMAL_SCORING_TOKEN_IDENTITY	TRUE
LEGACY-S012-M01	PTX3	BULK_FORMAL_SCORING_TOKEN_IDENTITY	TRUE
LEGACY-S012-M01	SDC2	BULK_FORMAL_SCORING_TOKEN_IDENTITY	TRUE
LEGACY-S012-M01	TNFRSF14	BULK_FORMAL_SCORING_TOKEN_IDENTITY	TRUE
LEGACY-S012-M01	VGF	BULK_FORMAL_SCORING_TOKEN_IDENTITY	TRUE
